file_id,file_location,file_name,file_size,img_lat,img_lon,img_width,img_len,img_date_time,img_exif_ver,img_make,img_model,img_rotate,img_tags,img_status,rvw_lvl,notes
1000,/2024-01-23,PXL_20240123_235024549.jpg,3175940,0,0,4032,3024,2024:01:23 15:50:24,0232,Google,Pixel 6a,1, ,dup,2,
1001,/2024-01-23,PXL_20240123_235039859.jpg,1984352,0,0,4032,3024,2024:01:23 15:50:39,0232,Google,Pixel 6a,1, ,dup,2,
1002,/2024-01-23,PXL_20240123_235043585.jpg,1880390,0,0,4032,3024,2024:01:23 15:50:43,0232,Google,Pixel 6a,1, ,ok,3,
1003,/2024-01-23,PXL_20240124_000817418.jpg,2945065,37.806506,-122.400422,4032,3024,2024:01:23 16:08:17,0232,Google,Pixel 6a,1, ,ok,3,
1004,/2024-01-23,PXL_20240124_000839776.jpg,2498250,37.806506,-122.400422,4032,3024,2024:01:23 16:08:39,0232,Google,Pixel 6a,1, ,ok,3,
1005,/2024-01-23,PXL_20240124_000955759.PANO.jpg,1731027,37.806481,-122.400108,4798,1666,2024:01:23 16:09:58,0,Google,Pixel 6a,0, ,good,4,
1006,/2024-01-23,PXL_20240124_001016922.PANO.jpg,1752236,37.806492,-122.400094,4728,1620,2024:01:23 16:10:19,0,Google,Pixel 6a,0, ,dup,2,
1007,/2024-01-23,PXL_20240124_001025992.jpg,2915500,37.806492,-122.400094,4032,3024,2024:01:23 16:10:25,0232,Google,Pixel 6a,1, ,ok,3,
1008,/2024-01-23,PXL_20240124_001031771.jpg,3106097,37.806492,-122.400094,4032,3024,2024:01:23 16:10:31,0232,Google,Pixel 6a,1, ,dup,2,
1009,/2024-01-23,PXL_20240124_001051412.PANO.jpg,2000437,37.806492,-122.400094,5220,1629,2024:01:23 16:10:55,0,Google,Pixel 6a,0, ,dup,2,
1010,/2024-01-23,PXL_20240124_001059951.jpg,3249804,37.806492,-122.400094,4032,3024,2024:01:23 16:10:59,0232,Google,Pixel 6a,1, ,dup,2,
1011,/2024-01-23,PXL_20240124_001227694.jpg,3115903,37.806017,-122.400389,4032,3024,2024:01:23 16:12:27,0232,Google,Pixel 6a,1, ,good,4,
1012,/2024-01-23,PXL_20240124_001321032.jpg,1700568,37.806039,-122.400544,4032,3024,2024:01:23 16:13:21,0232,Google,Pixel 6a,1, ,good,4,
1013,/2024-01-23,PXL_20240124_001339125.jpg,1612110,37.806039,-122.400544,4032,3024,2024:01:23 16:13:39,0232,Google,Pixel 6a,1, ,good,4,
1014,/2024-01-23,PXL_20240124_001500949.jpg,3617247,37.804386,-122.403797,4032,3024,2024:01:23 16:15:00,0232,Google,Pixel 6a,1, ,dup,2,
1015,/2024-01-23,PXL_20240124_001508504.jpg,3661259,37.804386,-122.403797,4032,3024,2024:01:23 16:15:08,0232,Google,Pixel 6a,1, ,good,4,
1016,/2024-01-23,PXL_20240124_001511943.jpg,3356438,37.804386,-122.403797,3024,4032,2024:01:23 16:15:11,0232,Google,Pixel 6a,1, ,dup,2,
1017,/2024-01-23,PXL_20240124_001535882.jpg,1746772,37.804386,-122.403797,3024,4032,2024:01:23 16:15:35,0232,Google,Pixel 6a,1, ,dup,2,
1018,/2024-01-23,PXL_20240124_001541283.jpg,1750025,37.804386,-122.403797,3024,4032,2024:01:23 16:15:41,0232,Google,Pixel 6a,1, ,good,4,
1019,/2024-01-23,PXL_20240124_001639772.jpg,2871977,37.804864,-122.4007,4032,3024,2024:01:23 16:16:39,0232,Google,Pixel 6a,1, ,ok,3,
1020,/2024-01-23,PXL_20240124_001713725.jpg,2970317,37.804864,-122.4007,4032,3024,2024:01:23 16:17:13,0232,Google,Pixel 6a,1, ,dup,2,
1021,/2024-01-23,PXL_20240124_001721733.jpg,3088256,37.804864,-122.4007,3024,4032,2024:01:23 16:17:21,0232,Google,Pixel 6a,1, ,dup,2,
1022,/2024-01-23,PXL_20240124_001724441.jpg,3137967,37.804864,-122.4007,3024,4032,2024:01:23 16:17:24,0232,Google,Pixel 6a,1, ,dup,2,
1023,/2024-01-23,PXL_20240124_001739878.jpg,2734680,37.804864,-122.4007,4032,3024,2024:01:23 16:17:39,0232,Google,Pixel 6a,1, ,dup,2,
1024,/2024-01-23,PXL_20240124_001852443.jpg,2863550,37.804547,-122.400633,3024,4032,2024:01:23 16:18:52,0232,Google,Pixel 6a,1, ,dup,2,
1025,/2024-01-23,PXL_20240124_001859531.jpg,2604375,37.804547,-122.400642,4032,3024,2024:01:23 16:18:59,0232,Google,Pixel 6a,1, ,dup,2,
1026,/2024-01-23,PXL_20240124_001925627.jpg,3131800,37.804547,-122.400642,4032,3024,2024:01:23 16:19:25,0232,Google,Pixel 6a,1, ,dup,2,
1027,/2024-01-23,PXL_20240124_001930511.jpg,3578110,37.804547,-122.400642,4032,3024,2024:01:23 16:19:30,0232,Google,Pixel 6a,1, ,dup,2,
1028,/2024-01-23,PXL_20240124_001934297.jpg,2696977,37.804547,-122.400642,4032,3024,2024:01:23 16:19:34,0232,Google,Pixel 6a,1, ,best,5,
1029,/2024-01-23,PXL_20240124_001951488.jpg,2656379,37.804547,-122.400642,3024,4032,2024:01:23 16:19:51,0232,Google,Pixel 6a,1, ,dup,2,
1030,/2024-01-23,PXL_20240124_002015209.jpg,1673115,37.804467,-122.400586,3024,4032,2024:01:23 16:20:15,0232,Google,Pixel 6a,1, ,dup,2,
1031,/2024-01-23,PXL_20240124_002022136.jpg,2306684,37.804467,-122.400586,4032,3024,2024:01:23 16:20:22,0232,Google,Pixel 6a,1, ,dup,2,
1032,/2024-01-23,PXL_20240124_003207630.jpg,2234167,37.80605,-122.399669,4032,3024,2024:01:23 16:32:07,0232,Google,Pixel 6a,1, ,ok,3,
1033,/2024-01-23,PXL_20240124_024338038.jpg,2695967,0,0,4032,3024,2024:01:23 18:43:38,0232,Google,Pixel 6a,1, ,reject,0,
1034,/2024-01-24,PXL_20240125_050554267.jpg,2980541,0,0,4032,3024,2024:01:24 22:05:54,0232,Google,Pixel 6a,1, ,reject,0,
1035,/2024-01-24,PXL_20240125_050610260.jpg,3187039,0,0,4032,3024,2024:01:24 22:06:10,0232,Google,Pixel 6a,1, ,reject,0,
1036,/2024-01-24,PXL_20240125_050628561.jpg,3310137,0,0,4032,3024,2024:01:24 22:06:28,0232,Google,Pixel 6a,1, ,reject,0,
1037,/2024-01-24,PXL_20240125_050640648.jpg,3198771,0,0,4032,3024,2024:01:24 22:06:40,0232,Google,Pixel 6a,1, ,reject,0,
1038,/2024-01-24,PXL_20240125_050810972.jpg,2916182,0,0,4032,3024,2024:01:24 22:08:10,0232,Google,Pixel 6a,1, ,reject,0,
1039,/2024-01-25,PXL_20240125_141829783.jpg,1023410,28.191761,-115.927956,3024,4032,2024:01:25 07:18:29,0232,Google,Pixel 6a,1, ,bad,1,
1040,/2024-01-25,PXL_20240125_141852677.jpg,1012909,28.182042,-115.919767,3024,4032,2024:01:25 07:18:52,0232,Google,Pixel 6a,1, ,bad,1,
1041,/2024-01-25,PXL_20240125_142135113.jpg,1367112,28.171653,-115.911239,3024,4032,2024:01:25 07:21:35,0232,Google,Pixel 6a,1, ,bad,1,
1042,/2024-01-25,PXL_20240125_142152305.jpg,1526562,28.171653,-115.911239,3024,4032,2024:01:25 07:21:52,0232,Google,Pixel 6a,1, ,bad,1,
1043,/2024-01-25,PXL_20240125_142351783.jpg,1737476,28.161081,-115.901833,4032,3024,2024:01:25 07:23:51,0232,Google,Pixel 6a,1, ,ok,3,
1044,/2024-01-25,PXL_20240125_142832340.jpg,2799939,28.141481,-115.884244,4032,3024,2024:01:25 07:28:32,0232,Google,Pixel 6a,1, ,ok,3,
1045,/2024-01-25,PXL_20240125_142849682.jpg,2826382,28.141481,-115.884244,4032,3024,2024:01:25 07:28:49,0232,Google,Pixel 6a,1, ,ok,3,
1046,/2024-01-25,PXL_20240125_142900813.jpg,2652691,28.141481,-115.884244,3024,4032,2024:01:25 07:29:00,0232,Google,Pixel 6a,1, ,ok,3,
1047,/2024-01-25,PXL_20240125_142909858.jpg,2071930,28.141481,-115.884244,3024,4032,2024:01:25 07:29:09,0232,Google,Pixel 6a,1, ,ok,3,
1048,/2024-01-25,PXL_20240125_143028836.jpg,1736036,28.132914,-115.876733,4032,3024,2024:01:25 07:30:28,0232,Google,Pixel 6a,1, ,ok,3,
1049,/2024-01-25,PXL_20240125_143037805.jpg,1861287,28.132914,-115.876733,3024,4032,2024:01:25 07:30:37,0232,Google,Pixel 6a,1, ,ok,3,
1050,/2024-01-25,PXL_20240125_143244551.jpg,1619462,28.124314,-115.868728,4032,3024,2024:01:25 07:32:44,0232,Google,Pixel 6a,1, ,ok,3,
1051,/2024-01-25,PXL_20240125_143401314.jpg,2086953,28.119344,-115.864542,4032,3024,2024:01:25 07:34:01,0232,Google,Pixel 6a,1, ,ok,3,
1052,/2024-01-25,PXL_20240125_143405730.jpg,2099846,28.119344,-115.864542,4032,3024,2024:01:25 07:34:05,0232,Google,Pixel 6a,1, ,ok,3,
1053,/2024-01-25,PXL_20240125_143448644.jpg,1145909,28.119344,-115.864542,4032,3024,2024:01:25 07:34:48,0232,Google,Pixel 6a,1, ,ok,3,
1054,/2024-01-25,PXL_20240125_165818547.jpg,2666275,0,0,4032,3024,2024:01:25 09:58:18,0232,Google,Pixel 6a,1, ,ok,3,
1055,/2024-01-25,PXL_20240125_170213676.jpg,2873098,0,0,4032,3024,2024:01:25 10:02:13,0232,Google,Pixel 6a,1, ,ok,3,
1056,/2024-01-25,PXL_20240125_170541250.jpg,2484105,0,0,4032,3024,2024:01:25 10:05:41,0232,Google,Pixel 6a,1, ,ok,3,
1057,/2024-01-25,PXL_20240125_170554556.jpg,2464430,0,0,4032,3024,2024:01:25 10:05:54,0232,Google,Pixel 6a,1, ,ok,3,
1058,/2024-01-25,PXL_20240125_170616121.jpg,2195811,0,0,4032,3024,2024:01:25 10:06:16,0232,Google,Pixel 6a,1, ,ok,3,
1059,/2024-01-25,PXL_20240125_170636972.jpg,2248209,0,0,4032,3024,2024:01:25 10:06:36,0232,Google,Pixel 6a,1, ,ok,3,
1060,/2024-01-25,PXL_20240125_170728798.jpg,2286445,0,0,4032,3024,2024:01:25 10:07:28,0232,Google,Pixel 6a,1, ,ok,3,
1061,/2024-01-25,PXL_20240125_170813201.jpg,2313051,0,0,4032,3024,2024:01:25 10:08:13,0232,Google,Pixel 6a,1, ,ok,3,
1062,/2024-01-25,PXL_20240125_170822077.jpg,2391985,0,0,4032,3024,2024:01:25 10:08:22,0232,Google,Pixel 6a,1, ,good,4,
1063,/2024-01-25,PXL_20240125_170829207.jpg,1742121,0,0,3024,4032,2024:01:25 10:08:29,0232,Google,Pixel 6a,1, ,ok,3,
1064,/2024-01-25,PXL_20240125_170858610.PORTRAIT.ORIGINAL.jpg,1824200,0,0,3024,4032,2024:01:25 10:08:58,0232,Google,Pixel 6a,1, ,ok,3,
1065,/2024-01-25,PXL_20240125_170925386.PORTRAIT.ORIGINAL.jpg,1550823,0,0,3024,4032,2024:01:25 10:09:25,0232,Google,Pixel 6a,1, ,ok,3,
1066,/2024-01-25,PXL_20240125_170929092.PORTRAIT.ORIGINAL.jpg,1645793,0,0,3024,4032,2024:01:25 10:09:29,0232,Google,Pixel 6a,1, ,ok,3,
1067,/2024-01-25,PXL_20240125_170938900.PORTRAIT.jpg,2321484,28.119344,-115.864542,3024,4032,2024:01:25 10:09:38,0232,Google,Pixel 6a,1, ,best,5,
1068,/2024-01-25,PXL_20240125_171012554.PORTRAIT.ORIGINAL.jpg,1530932,0,0,3024,4032,2024:01:25 10:10:12,0232,Google,Pixel 6a,1, ,ok,3,
1069,/2024-01-25,PXL_20240125_171024641.PORTRAIT.ORIGINAL.jpg,1565135,0,0,3024,4032,2024:01:25 10:10:24,0232,Google,Pixel 6a,1, ,ok,3,
1070,/2024-01-25,PXL_20240125_171032040.PORTRAIT.ORIGINAL.jpg,1602227,0,0,3024,4032,2024:01:25 10:10:32,0232,Google,Pixel 6a,1, ,ok,3,
1071,/2024-01-25,PXL_20240125_171045889.PORTRAIT.ORIGINAL.jpg,1583737,0,0,4032,3024,2024:01:25 10:10:45,0232,Google,Pixel 6a,1, ,dup,2,
1072,/2024-01-25,PXL_20240125_171102871.PORTRAIT.ORIGINAL.jpg,1751736,0,0,3024,4032,2024:01:25 10:11:02,0232,Google,Pixel 6a,1, ,good,4,
1073,/2024-01-25,PXL_20240125_171109293.PORTRAIT.ORIGINAL.jpg,1507482,0,0,3024,4032,2024:01:25 10:11:09,0232,Google,Pixel 6a,1, ,bad,1,
1074,/2024-01-25,PXL_20240125_171115077.PORTRAIT.ORIGINAL.jpg,1696018,0,0,3024,4032,2024:01:25 10:11:15,0232,Google,Pixel 6a,1, ,good,4,
1075,/2024-01-25,PXL_20240125_171120861.PORTRAIT.ORIGINAL.jpg,1927164,0,0,3024,4032,2024:01:25 10:11:20,0232,Google,Pixel 6a,1, ,ok,3,
1076,/2024-01-25,PXL_20240125_171144783.PORTRAIT.ORIGINAL.jpg,1595823,0,0,3024,4032,2024:01:25 10:11:44,0232,Google,Pixel 6a,1, ,ok,3,
1077,/2024-01-25,PXL_20240125_171156770.PORTRAIT.ORIGINAL.jpg,1734820,0,0,3024,4032,2024:01:25 10:11:56,0232,Google,Pixel 6a,1, ,ok,3,
1078,/2024-01-25,PXL_20240125_171158649.PORTRAIT.ORIGINAL.jpg,1730494,0,0,3024,4032,2024:01:25 10:11:58,0232,Google,Pixel 6a,1, ,ok,3,
1079,/2024-01-25,PXL_20240125_171211600.PORTRAIT.ORIGINAL.jpg,1722044,0,0,3024,4032,2024:01:25 10:12:11,0232,Google,Pixel 6a,1, ,ok,3,
1080,/2024-01-25,PXL_20240125_171213179.PORTRAIT.ORIGINAL.jpg,1689635,0,0,3024,4032,2024:01:25 10:12:13,0232,Google,Pixel 6a,1, ,good,4,
1081,/2024-01-25,PXL_20240125_171303258.PORTRAIT.ORIGINAL.jpg,1685866,0,0,3024,4032,2024:01:25 10:13:03,0232,Google,Pixel 6a,1, ,ok,3,
1082,/2024-01-25,PXL_20240125_171318262.PORTRAIT.ORIGINAL.jpg,1785989,0,0,3024,4032,2024:01:25 10:13:18,0232,Google,Pixel 6a,1, ,ok,3,
1083,/2024-01-25,PXL_20240125_171338334.PORTRAIT.ORIGINAL.jpg,1740442,0,0,3024,4032,2024:01:25 10:13:38,0232,Google,Pixel 6a,1, ,good,4,
1084,/2024-01-25,PXL_20240125_171348592.PORTRAIT.ORIGINAL.jpg,1599737,0,0,3024,4032,2024:01:25 10:13:48,0232,Google,Pixel 6a,1, ,ok,3,
1085,/2024-01-25,PXL_20240125_171400816.PORTRAIT.ORIGINAL.jpg,1693099,0,0,3024,4032,2024:01:25 10:14:00,0232,Google,Pixel 6a,1, ,ok,3,
1086,/2024-01-25,PXL_20240125_171408053.PORTRAIT.ORIGINAL.jpg,1776092,0,0,3024,4032,2024:01:25 10:14:08,0232,Google,Pixel 6a,1, ,ok,3,
1087,/2024-01-25,PXL_20240125_180240831.jpg,1910990,0,0,4032,3024,2024:01:25 11:02:40,0232,Google,Pixel 6a,1, ,reject,0,
1088,/2024-01-25,PXL_20240125_180304798.jpg,1978686,0,0,4032,3024,2024:01:25 11:03:04,0232,Google,Pixel 6a,1, ,reject,0,
1089,/2024-01-26,PXL_20240126_140855044.jpg,3085106,22.706911,-110.460353,4032,3024,2024:01:26 08:08:55,0232,Google,Pixel 6a,1, ,ok,3,
1090,/2024-01-26,PXL_20240126_141621650.jpg,2695688,22.691106,-110.425153,4032,3024,2024:01:26 08:16:21,0232,Google,Pixel 6a,1, ,ok,3,
1091,/2024-01-26,PXL_20240126_141632375.jpg,1698258,22.691106,-110.425153,3024,4032,2024:01:26 08:16:32,0232,Google,Pixel 6a,1, ,ok,3,
1092,/2024-01-26,PXL_20240126_141729120.jpg,1825267,22.691106,-110.425153,4032,3024,2024:01:26 08:17:29,0232,Google,Pixel 6a,1, ,ok,3,
1093,/2024-01-26,PXL_20240126_141742442.jpg,1661199,22.691106,-110.425153,3024,4032,2024:01:26 08:17:42,0232,Google,Pixel 6a,1, ,ok,3,
1094,/2024-01-26,PXL_20240127_001628029.jpg,1659478,0,0,4032,3024,2024:01:26 18:16:28,0232,Google,Pixel 6a,1, ,reject,0,
1095,/2024-01-27,PXL_20240127_132609605.jpg,2595923,20.655908,-105.243594,4032,3024,2024:01:27 07:26:09,0232,Google,Pixel 6a,1, ,ok,3,
1096,/2024-01-27,PXL_20240127_132617401.jpg,2843740,20.655908,-105.243594,4032,3024,2024:01:27 07:26:17,0232,Google,Pixel 6a,1, ,ok,3,
1097,/2024-01-27,PXL_20240127_132627863.jpg,2579655,20.655911,-105.243597,3024,4032,2024:01:27 07:26:27,0232,Google,Pixel 6a,1, ,ok,3,
1098,/2024-01-27,PXL_20240127_132637781.jpg,2322254,20.655911,-105.243597,4032,3024,2024:01:27 07:26:37,0232,Google,Pixel 6a,1, ,ok,3,
1099,/2024-01-27,PXL_20240127_132722142.jpg,1574170,20.655617,-105.243814,3024,4032,2024:01:27 07:27:22,0232,Google,Pixel 6a,1, ,ok,3,
1100,/2024-01-27,PXL_20240127_132733032.jpg,2685311,20.655617,-105.243814,4032,3024,2024:01:27 07:27:33,0232,Google,Pixel 6a,1, ,ok,3,
1101,/2024-01-27,PXL_20240127_132747199.jpg,2689474,20.655575,-105.243725,4032,3024,2024:01:27 07:27:47,0232,Google,Pixel 6a,1, ,ok,3,
1102,/2024-01-27,PXL_20240127_133039131.jpg,3152402,20.654911,-105.244017,4032,3024,2024:01:27 07:30:39,0232,Google,Pixel 6a,1, ,ok,3,
1103,/2024-01-27,PXL_20240127_133044797.jpg,2756156,20.654911,-105.244017,3024,4032,2024:01:27 07:30:44,0232,Google,Pixel 6a,1, ,ok,3,
1104,/2024-01-27,PXL_20240127_133120353.jpg,1433401,20.654911,-105.244017,3024,4032,2024:01:27 07:31:20,0232,Google,Pixel 6a,1, ,ok,3,
1105,/2024-01-27,PXL_20240127_133219220.jpg,1804448,20.654717,-105.243692,4032,3024,2024:01:27 07:32:19,0232,Google,Pixel 6a,1, ,best,5,
1106,/2024-01-27,PXL_20240127_133554612.jpg,1170797,20.6552,-105.243628,4032,3024,2024:01:27 07:35:54,0232,Google,Pixel 6a,1, ,dup,2,
1107,/2024-01-27,PXL_20240127_133556232.jpg,1073504,20.6552,-105.243628,4032,3024,2024:01:27 07:35:56,0232,Google,Pixel 6a,1, ,dup,2,
1108,/2024-01-27,PXL_20240127_133559754.jpg,1126215,20.6552,-105.243628,4032,3024,2024:01:27 07:35:59,0232,Google,Pixel 6a,1, ,ok,3,
1109,/2024-01-27,PXL_20240127_133616222.jpg,1101231,20.6552,-105.243628,4032,3024,2024:01:27 07:36:16,0232,Google,Pixel 6a,1, ,ok,3,
1110,/2024-01-27,PXL_20240127_133841518.jpg,3207275,20.654089,-105.243225,4032,3024,2024:01:27 07:38:41,0232,Google,Pixel 6a,1, ,ok,3,
1111,/2024-01-27,PXL_20240127_133849580.jpg,3211265,20.654089,-105.243225,4032,3024,2024:01:27 07:38:49,0232,Google,Pixel 6a,1, ,ok,3,
1112,/2024-01-27,PXL_20240127_133909414.jpg,3543021,20.654089,-105.243225,4032,3024,2024:01:27 07:39:09,0232,Google,Pixel 6a,1, ,ok,3,
1113,/2024-01-27,PXL_20231007_233239669~2.jpg,1544839,49.288778,-123.112306,4032,3024,2024:01:27 07:55:30,0232,Google,Pixel 6a,1, ,reject,0,
1114,/2024-01-27,PXL_20240127_171420170.jpg,3423024,20.610056,-105.231086,3024,4032,2024:01:27 11:14:20,0232,Google,Pixel 6a,1, ,ok,3,
1115,/2024-01-27,PXL_20240127_171423088.jpg,2479962,20.610053,-105.231067,4032,3024,2024:01:27 11:14:23,0232,Google,Pixel 6a,1, ,bad,1,
1116,/2024-01-27,PXL_20240127_172639140.jpg,4470656,20.609714,-105.229778,4032,3024,2024:01:27 11:26:39,0232,Google,Pixel 6a,1, ,best,5,
1117,/2024-01-27,PXL_20240127_172641750.jpg,4671268,20.609711,-105.229778,4032,3024,2024:01:27 11:26:41,0232,Google,Pixel 6a,1, ,dup,2,
1118,/2024-01-27,PXL_20240127_172845336.jpg,2058599,20.609683,-105.229789,3280,2464,2024:01:27 11:28:45,0232,Google,Pixel 6a,1, ,dup,2,
1119,/2024-01-27,PXL_20240127_172846064.jpg,2130392,20.609683,-105.229789,3280,2464,2024:01:27 11:28:46,0232,Google,Pixel 6a,1, ,dup,2,
1120,/2024-01-27,PXL_20240127_172846597.jpg,2141172,20.609683,-105.229789,3280,2464,2024:01:27 11:28:46,0232,Google,Pixel 6a,1, ,good,4,
1121,/2024-01-27,PXL_20240127_172901443.jpg,3822447,20.609717,-105.229803,3024,4032,2024:01:27 11:29:01,0232,Google,Pixel 6a,1, ,dup,2,
1122,/2024-01-27,PXL_20240127_172913082.jpg,3560437,20.6098,-105.229772,3024,4032,2024:01:27 11:29:13,0232,Google,Pixel 6a,1, ,good,4,
1123,/2024-01-27,PXL_20240127_172918071.jpg,3619134,20.6098,-105.229767,3024,4032,2024:01:27 11:29:18,0232,Google,Pixel 6a,1, ,dup,2,
1124,/2024-01-27,PXL_20240127_173007421.jpg,3040417,20.609778,-105.229783,3024,4032,2024:01:27 11:30:07,0232,Google,Pixel 6a,1, ,ok,3,
1125,/2024-01-27,PXL_20240127_173000570.PANO.jpg,6127730,20.609781,-105.229783,9618,1612,2024:01:27 11:30:14,0,Google,Pixel 6a,0, ,dup,2,
1126,/2024-01-27,PXL_20240127_173058867.PANO.jpg,5875528,20.609808,-105.229817,9590,1620,2024:01:27 11:31:09,0,Google,Pixel 6a,0, ,good,4,
1127,/2024-01-27,PXL_20240127_173116655.jpg,4325349,20.609808,-105.229822,4032,3024,2024:01:27 11:31:16,0232,Google,Pixel 6a,1, ,ok,3,
1128,/2024-01-27,PXL_20240127_173122659.jpg,3849900,20.6098,-105.229825,4032,3024,2024:01:27 11:31:22,0232,Google,Pixel 6a,1, ,ok,3,
1129,/2024-01-27,PXL_20240127_173127245.jpg,4219173,20.609794,-105.229828,4032,3024,2024:01:27 11:31:27,0232,Google,Pixel 6a,1, ,ok,3,
1130,/2024-01-27,PXL_20240127_173135033.jpg,3532178,20.609794,-105.229825,4032,3024,2024:01:27 11:31:35,0232,Google,Pixel 6a,1, ,ok,3,
1131,/2024-01-27,PXL_20240127_173234907.jpg,4477572,20.610031,-105.229886,4032,3024,2024:01:27 11:32:34,0232,Google,Pixel 6a,1, ,ok,3,
1132,/2024-01-27,PXL_20240127_173240844.jpg,4704813,20.610031,-105.229889,4032,3024,2024:01:27 11:32:40,0232,Google,Pixel 6a,1, ,dup,2,
1133,/2024-01-27,PXL_20240127_173332786.PANO.jpg,2826798,20.610036,-105.229881,6786,1630,2024:01:27 11:33:42,0,Google,Pixel 6a,0, ,dup,2,
1134,/2024-01-27,PXL_20240127_173350555.PANO.jpg,3583230,20.610042,-105.229881,5800,1665,2024:01:27 11:33:57,0,Google,Pixel 6a,0, ,dup,2,
1135,/2024-01-27,PXL_20240127_173523340.jpg,3788651,20.61005,-105.229833,4032,3024,2024:01:27 11:35:23,0232,Google,Pixel 6a,1, ,dup,2,
1136,/2024-01-27,PXL_20240127_173547015.PANO.jpg,3951930,20.61005,-105.229872,5182,1672,2024:01:27 11:35:54,0,Google,Pixel 6a,0, ,dup,2,
1137,/2024-01-27,PXL_20240127_173620854.PANO.jpg,5158381,20.610058,-105.229844,6348,1653,2024:01:27 11:36:34,0,Google,Pixel 6a,0, ,dup,2,
1138,/2024-01-27,PXL_20240127_173741041.PANO.jpg,5692205,20.610069,-105.229894,9600,1631,2024:01:27 11:37:53,0,Google,Pixel 6a,0, ,good,4,
1139,/2024-01-27,PXL_20240127_173803798.jpg,3749116,20.610064,-105.229897,4032,3024,2024:01:27 11:38:03,0232,Google,Pixel 6a,1, ,dup,2,
1140,/2024-01-27,PXL_20240127_173808991.jpg,4174673,20.610061,-105.229897,4032,3024,2024:01:27 11:38:08,0232,Google,Pixel 6a,1, ,good,4,
1141,/2024-01-27,PXL_20240127_173814782.jpg,4512137,20.610058,-105.2299,4032,3024,2024:01:27 11:38:14,0232,Google,Pixel 6a,1, ,dup,2,
1142,/2024-01-27,PXL_20240127_173830221.jpg,4644522,20.610058,-105.2299,4032,3024,2024:01:27 11:38:30,0232,Google,Pixel 6a,1, ,ok,3,
1143,/2024-01-27,PXL_20240127_173857786.jpg,3232158,20.610061,-105.229894,4032,3024,2024:01:27 11:38:57,0232,Google,Pixel 6a,1, ,dup,2,
1144,/2024-01-27,PXL_20240127_173901511.jpg,2397708,20.610061,-105.229894,4032,3024,2024:01:27 11:39:01,0232,Google,Pixel 6a,1, ,best,5,
1145,/2024-01-27,PXL_20240127_173909846.jpg,3007704,20.610058,-105.229897,4032,3024,2024:01:27 11:39:09,0232,Google,Pixel 6a,1, ,dup,2,
1146,/2024-01-27,PXL_20240127_173913925.jpg,3910410,20.610056,-105.229894,4032,3024,2024:01:27 11:39:13,0232,Google,Pixel 6a,1, ,dup,2,
1147,/2024-01-27,PXL_20240127_173918996.jpg,4331499,20.610056,-105.229889,4032,3024,2024:01:27 11:39:18,0232,Google,Pixel 6a,1, ,dup,2,
1148,/2024-01-27,PXL_20240127_173920076.jpg,4381485,20.610053,-105.229889,4032,3024,2024:01:27 11:39:20,0232,Google,Pixel 6a,1, ,dup,2,
1149,/2024-01-27,PXL_20240127_173930826.jpg,2524128,20.610047,-105.229886,4032,3024,2024:01:27 11:39:30,0232,Google,Pixel 6a,1, ,dup,2,
1150,/2024-01-27,PXL_20240127_174016293.jpg,2394295,20.610047,-105.229881,3280,2464,2024:01:27 11:40:16,0232,Google,Pixel 6a,1, ,good,4,
1151,/2024-01-27,PXL_20240127_174019204.jpg,2375048,20.610044,-105.229881,3280,2464,2024:01:27 11:40:19,0232,Google,Pixel 6a,1, ,dup,2,
1152,/2024-01-27,PXL_20240127_174206763.NIGHT.jpg,3008360,20.610064,-105.229886,3024,4032,2024:01:27 11:42:06,0232,Google,Pixel 6a,1, ,dup,2,
1153,/2024-01-27,PXL_20240127_174214479.NIGHT.jpg,3993134,20.610061,-105.229878,4032,3024,2024:01:27 11:42:14,0232,Google,Pixel 6a,1, ,dup,2,
1154,/2024-01-27,PXL_20240127_174216296.NIGHT.jpg,3727000,20.610061,-105.229878,4032,3024,2024:01:27 11:42:16,0232,Google,Pixel 6a,1, ,dup,2,
1155,/2024-01-27,PXL_20240127_174256258.jpg,3873051,20.610056,-105.229883,4032,3024,2024:01:27 11:42:56,0232,Google,Pixel 6a,1, ,good,4,
1156,/2024-01-27,PXL_20240127_174705529.jpg,3896358,20.610067,-105.229861,4032,3024,2024:01:27 11:47:05,0232,Google,Pixel 6a,1, ,dup,2,
1157,/2024-01-27,PXL_20240127_174719509.NIGHT.jpg,3904208,20.610069,-105.229867,4032,3024,2024:01:27 11:47:19,0232,Google,Pixel 6a,1, ,dup,2,
1158,/2024-01-27,PXL_20240127_174743097.jpg,4726234,20.610072,-105.229858,4032,3024,2024:01:27 11:47:43,0232,Google,Pixel 6a,1, ,dup,2,
1159,/2024-01-27,PXL_20240127_174749206.jpg,3651749,20.610072,-105.229856,4032,3024,2024:01:27 11:47:49,0232,Google,Pixel 6a,1, ,dup,2,
1160,/2024-01-27,PXL_20240127_174813831.jpg,2296753,20.610047,-105.229892,4032,3024,2024:01:27 11:48:13,0232,Google,Pixel 6a,1, ,good,4,
1161,/2024-01-27,PXL_20240127_174828198.jpg,3109266,20.610047,-105.229897,4032,3024,2024:01:27 11:48:28,0232,Google,Pixel 6a,1, ,dup,2,
1162,/2024-01-27,PXL_20240127_174836330.jpg,2575402,20.610047,-105.229897,4032,3024,2024:01:27 11:48:36,0232,Google,Pixel 6a,1, ,dup,2,
1163,/2024-01-27,PXL_20240127_175248141.PANO.jpg,6068591,20.609742,-105.229764,9632,1612,2024:01:27 11:53:02,0,Google,Pixel 6a,0, ,dup,2,
1164,/2024-01-27,PXL_20240127_175314848.PANO.jpg,3690818,20.609731,-105.229764,9658,1650,2024:01:27 11:53:22,0,Google,Pixel 6a,0, ,good,4,
1165,/2024-01-27,PXL_20240127_175424711.jpg,4117116,20.609792,-105.229769,3024,4032,2024:01:27 11:54:24,0232,Google,Pixel 6a,1, ,best,5,
1166,/2024-01-27,PXL_20240127_175438255.jpg,3818405,20.609792,-105.229769,3024,4032,2024:01:27 11:54:38,0232,Google,Pixel 6a,1, ,dup,2,
1167,/2024-01-27,PXL_20240127_175559385.jpg,4983530,20.611175,-105.227542,4032,3024,2024:01:27 11:55:59,0232,Google,Pixel 6a,1, ,ok,3,
1168,/2024-01-27,PXL_20240127_175636003.jpg,3196414,20.609761,-105.229756,3024,4032,2024:01:27 11:56:36,0232,Google,Pixel 6a,1, ,dup,2,
1169,/2024-01-27,PXL_20240127_175643083.jpg,3258514,20.609767,-105.229756,3024,4032,2024:01:27 11:56:43,0232,Google,Pixel 6a,1, ,dup,2,
1170,/2024-01-27,PXL_20240127_175647522.jpg,3404650,20.609767,-105.229758,3024,4032,2024:01:27 11:56:47,0232,Google,Pixel 6a,1, ,dup,2,
1171,/2024-01-27,PXL_20240127_175650847.jpg,3251566,20.609767,-105.229758,3024,4032,2024:01:27 11:56:50,0232,Google,Pixel 6a,1, ,dup,2,
1172,/2024-01-27,PXL_20240127_180005821.jpg,4450688,20.609686,-105.229803,3024,4032,2024:01:27 12:00:05,0232,Google,Pixel 6a,1, ,ok,3,
1173,/2024-01-27,PXL_20240127_180031846.jpg,4637866,20.609711,-105.229844,3024,4032,2024:01:27 12:00:31,0232,Google,Pixel 6a,1, ,ok,3,
1174,/2024-01-27,PXL_20240127_180043339.jpg,4519504,20.609711,-105.22985,3024,4032,2024:01:27 12:00:43,0232,Google,Pixel 6a,1, ,ok,3,
1175,/2024-01-27,PXL_20240127_180116040.jpg,4365345,20.609708,-105.229889,3024,4032,2024:01:27 12:01:16,0232,Google,Pixel 6a,1, ,ok,3,
1176,/2024-01-27,PXL_20240127_180202706.jpg,4148124,20.609714,-105.229942,3024,4032,2024:01:27 12:02:02,0232,Google,Pixel 6a,1, ,best,5,
1177,/2024-01-27,PXL_20240127_180205317.jpg,4219175,20.609719,-105.229944,3024,4032,2024:01:27 12:02:05,0232,Google,Pixel 6a,1, ,dup,2,
1178,/2024-01-27,PXL_20240127_180208545.jpg,4325017,20.609722,-105.229947,3024,4032,2024:01:27 12:02:08,0232,Google,Pixel 6a,1, ,dup,2,
1179,/2024-01-27,PXL_20240127_180217226.jpg,4242197,20.609728,-105.22995,3024,4032,2024:01:27 12:02:17,0232,Google,Pixel 6a,1, ,dup,2,
1180,/2024-01-27,PXL_20240127_181412314.jpg,3079682,20.611325,-105.232333,3024,4032,2024:01:27 12:14:12,0232,Google,Pixel 6a,1, ,ok,3,
1181,/2024-01-27,PXL_20240127_181423090.jpg,3568537,20.611269,-105.232308,4032,3024,2024:01:27 12:14:23,0232,Google,Pixel 6a,1, ,dup,2,
1182,/2024-01-27,PXL_20240127_181627968.jpg,3384891,20.611319,-105.232367,3024,4032,2024:01:27 12:16:27,0232,Google,Pixel 6a,1, ,dup,2,
1183,/2024-01-27,PXL_20240127_181637576.jpg,3707572,20.611306,-105.232339,3024,4032,2024:01:27 12:16:37,0232,Google,Pixel 6a,1, ,dup,2,
1184,/2024-01-27,PXL_20240127_181654068.jpg,2770136,20.611303,-105.232303,4032,3024,2024:01:27 12:16:54,0232,Google,Pixel 6a,1, ,dup,2,
1185,/2024-01-27,PXL_20240127_181700235.jpg,2295494,20.611308,-105.232303,4032,3024,2024:01:27 12:17:00,0232,Google,Pixel 6a,1, ,dup,2,
1186,/2024-01-27,PXL_20240127_181909779.jpg,4889251,20.611328,-105.232333,3024,4032,2024:01:27 12:19:09,0232,Google,Pixel 6a,1, ,ok,3,
1187,/2024-01-27,PXL_20240127_181942221.jpg,3393119,20.611364,-105.232328,3024,4032,2024:01:27 12:19:42,0232,Google,Pixel 6a,1, ,reject,0,
1188,/2024-01-27,PXL_20240127_182006846.jpg,3437154,20.611358,-105.232331,3024,4032,2024:01:27 12:20:06,0232,Google,Pixel 6a,1, ,best,5,
1189,/2024-01-27,PXL_20240127_182103789.jpg,2907918,20.611353,-105.232311,3024,4032,2024:01:27 12:21:03,0232,Google,Pixel 6a,1, ,good,4,
1190,/2024-01-27,PXL_20240127_182109944.jpg,3187871,20.611356,-105.232317,4032,3024,2024:01:27 12:21:09,0232,Google,Pixel 6a,1, ,ok,3,
1191,/2024-01-27,PXL_20240127_182117256.jpg,3927775,20.611344,-105.232317,3024,4032,2024:01:27 12:21:17,0232,Google,Pixel 6a,1, ,dup,2,
1192,/2024-01-27,PXL_20240127_182127067.jpg,3204685,20.61135,-105.232308,4032,3024,2024:01:27 12:21:27,0232,Google,Pixel 6a,1, ,dup,2,
1193,/2024-01-27,PXL_20240127_182134467.jpg,3258230,20.61135,-105.232306,4032,3024,2024:01:27 12:21:34,0232,Google,Pixel 6a,1, ,dup,2,
1194,/2024-01-27,PXL_20240127_182158063.jpg,3398791,20.611344,-105.232342,3024,4032,2024:01:27 12:21:58,0232,Google,Pixel 6a,1, ,dup,2,
1195,/2024-01-27,PXL_20240127_190330194.jpg,3804780,20.611278,-105.232208,4032,3024,2024:01:27 13:03:30,0232,Google,Pixel 6a,1, ,good,4,
1196,/2024-01-27,PXL_20240127_190440366.jpg,3024784,20.611381,-105.232292,4032,3024,2024:01:27 13:04:40,0232,Google,Pixel 6a,1, ,ok,3,
1197,/2024-01-27,PXL_20240127_190630969.jpg,2890695,20.611333,-105.232344,3024,4032,2024:01:27 13:06:30,0232,Google,Pixel 6a,1, ,ok,3,
1198,/2024-01-27,PXL_20240127_192812348.jpg,3772384,20.608792,-105.2347,4032,3024,2024:01:27 13:28:12,0232,Google,Pixel 6a,1, ,good,4,
1199,/2024-01-27,PXL_20240127_194111610.jpg,2888730,20.603192,-105.237319,4032,3024,2024:01:27 13:41:11,0232,Google,Pixel 6a,1, ,reject,0,
1200,/2024-01-27,PXL_20240127_194211836.jpg,4990047,20.603192,-105.237319,4032,3024,2024:01:27 13:42:11,0232,Google,Pixel 6a,1, ,dup,2,
1201,/2024-01-27,PXL_20240127_194246505.jpg,4746261,20.603206,-105.237394,4032,3024,2024:01:27 13:42:46,0232,Google,Pixel 6a,1, ,good,4,
1202,/2024-01-27,PXL_20240127_194440615.jpg,5343790,20.603206,-105.237394,4032,3024,2024:01:27 13:44:40,0232,Google,Pixel 6a,1, ,best,5,
1203,/2024-01-27,PXL_20240127_194547518.jpg,3251614,20.603206,-105.237394,4032,3024,2024:01:27 13:45:47,0232,Google,Pixel 6a,1, ,dup,2,
1204,/2024-01-27,PXL_20240127_194606900.jpg,3640099,20.602883,-105.236928,4032,3024,2024:01:27 13:46:06,0232,Google,Pixel 6a,1, ,dup,2,
1205,/2024-01-27,PXL_20240127_194620850.jpg,3204136,20.602883,-105.236928,3024,4032,2024:01:27 13:46:20,0232,Google,Pixel 6a,1, ,dup,2,
1206,/2024-01-27,PXL_20240127_194649723.jpg,4398734,20.602883,-105.236928,3024,4032,2024:01:27 13:46:49,0232,Google,Pixel 6a,1, ,good,4,
1207,/2024-01-27,PXL_20240127_194842235.jpg,5133098,20.602828,-105.237411,4032,3024,2024:01:27 13:48:42,0232,Google,Pixel 6a,1, ,dup,2,
1208,/2024-01-27,PXL_20240127_194859535.jpg,5363707,20.602828,-105.237411,4032,3024,2024:01:27 13:48:59,0232,Google,Pixel 6a,1, ,dup,2,
1209,/2024-01-27,PXL_20240127_195129549.jpg,2777753,20.602606,-105.237878,3024,4032,2024:01:27 13:51:29,0232,Google,Pixel 6a,1, ,dup,2,
1210,/2024-01-27,PXL_20240127_195535454.jpg,3411021,20.602606,-105.237878,3024,4032,2024:01:27 13:55:35,0232,Google,Pixel 6a,1, ,ok,3,
1211,/2024-01-27,PXL_20240127_195843432.jpg,1583931,20.603408,-105.237694,4032,3024,2024:01:27 13:58:43,0232,Google,Pixel 6a,1, ,reject,0,
1212,/2024-01-27,PXL_20240127_200924232.jpg,4909487,20.604611,-105.238161,4032,3024,2024:01:27 14:09:24,0232,Google,Pixel 6a,1, ,best,5,
1213,/2024-01-27,PXL_20240127_201038495.jpg,3272466,20.604611,-105.238161,3024,4032,2024:01:27 14:10:38,0232,Google,Pixel 6a,1, ,ok,3,
1214,/2024-01-27,PXL_20240127_201103352.jpg,4222391,20.605283,-105.238081,4032,3024,2024:01:27 14:11:03,0232,Google,Pixel 6a,1, ,ok,3,
1215,/2024-01-27,PXL_20240127_201309158.jpg,4514786,20.606086,-105.237781,4032,3024,2024:01:27 14:13:09,0232,Google,Pixel 6a,1, ,ok,3,
1216,/2024-01-27,PXL_20240127_225505580.jpg,2478012,20.656872,-105.239931,4032,3024,2024:01:27 16:55:05,0232,Google,Pixel 6a,1, ,ok,3,
1217,/2024-01-27,PXL_20240127_225508567.jpg,2444456,20.656872,-105.239931,4032,3024,2024:01:27 16:55:08,0232,Google,Pixel 6a,1, ,ok,3,
1218,/2024-01-27,PXL_20240127_225519486.jpg,3103264,20.656872,-105.239931,4032,3024,2024:01:27 16:55:19,0232,Google,Pixel 6a,1, ,ok,3,
1219,/2024-01-28,PXL_20240128_125458598.NIGHT.jpg,2189893,19.057594,-104.312897,4032,3024,2024:01:28 06:54:58,0232,Google,Pixel 6a,1, ,best,5,
1220,/2024-01-28,PXL_20240128_125520807.NIGHT.jpg,2429189,19.057633,-104.312925,4032,3024,2024:01:28 06:55:20,0232,Google,Pixel 6a,1, ,dup,2,
1221,/2024-01-28,PXL_20240128_125539665.NIGHT.jpg,1997389,19.051922,-104.313142,4032,3024,2024:01:28 06:55:39,0232,Google,Pixel 6a,1, ,ok,3,
1222,/2024-01-28,PXL_20240128_144740028.jpg,2968601,19.053142,-104.310428,4032,3024,2024:01:28 08:47:40,0232,Google,Pixel 6a,1, ,dup,2,
1223,/2024-01-28,PXL_20240128_144743896.jpg,2911804,19.053142,-104.310428,4032,3024,2024:01:28 08:47:43,0232,Google,Pixel 6a,1, ,good,4,
1224,/2024-01-28,PXL_20240128_150905768.jpg,2887275,19.035706,-104.211178,4032,3024,2024:01:28 09:09:05,0232,Google,Pixel 6a,1, ,ok,3,
1225,/2024-01-28,PXL_20240128_151250283.jpg,1954016,19.035619,-104.211139,4032,3024,2024:01:28 09:12:50,0232,Google,Pixel 6a,1, ,ok,3,
1226,/2024-01-28,PXL_20240128_153001049.jpg,2324410,19.014808,-104.171783,4032,3024,2024:01:28 09:30:01,0232,Google,Pixel 6a,1, ,good,4,
1227,/2024-01-28,PXL_20240128_153003198.jpg,2394866,19.014808,-104.171783,4032,3024,2024:01:28 09:30:03,0232,Google,Pixel 6a,1, ,dup,2,
1228,/2024-01-28,PXL_20240128_153106798.jpg,2767691,19.013808,-104.172639,4032,3024,2024:01:28 09:31:06,0232,Google,Pixel 6a,1, ,dup,2,
1229,/2024-01-28,PXL_20240128_153128843.jpg,3487920,19.013808,-104.172639,4032,3024,2024:01:28 09:31:28,0232,Google,Pixel 6a,1, ,dup,2,
1230,/2024-01-28,PXL_20240128_153131165.jpg,2957152,19.013808,-104.172639,4032,3024,2024:01:28 09:31:31,0232,Google,Pixel 6a,1, ,dup,2,
1231,/2024-01-28,PXL_20240128_153147735.jpg,2418679,19.013808,-104.172639,4032,3024,2024:01:28 09:31:47,0232,Google,Pixel 6a,1, ,dup,2,
1232,/2024-01-28,PXL_20240128_153239783.jpg,3126223,19.013808,-104.172639,4032,3024,2024:01:28 09:32:39,0232,Google,Pixel 6a,1, ,dup,2,
1233,/2024-01-28,PXL_20240128_153626862.jpg,3314372,19.013811,-104.172719,4032,3024,2024:01:28 09:36:26,0232,Google,Pixel 6a,1, ,good,4,
1234,/2024-01-28,PXL_20240128_153630585.jpg,3596162,19.013811,-104.172719,4032,3024,2024:01:28 09:36:30,0232,Google,Pixel 6a,1, ,dup,2,
1235,/2024-01-28,PXL_20240128_153635476.jpg,3467648,19.013811,-104.172719,3024,4032,2024:01:28 09:36:35,0232,Google,Pixel 6a,1, ,dup,2,
1236,/2024-01-28,PXL_20240128_153658419.jpg,3432264,19.013811,-104.172719,3024,4032,2024:01:28 09:36:58,0232,Google,Pixel 6a,1, ,dup,2,
1237,/2024-01-28,PXL_20240128_153730492.jpg,5059075,19.013758,-104.172675,4032,3024,2024:01:28 09:37:30,0232,Google,Pixel 6a,1, ,dup,2,
1238,/2024-01-28,PXL_20240128_153752097.jpg,5496163,19.013758,-104.172675,4032,3024,2024:01:28 09:37:52,0232,Google,Pixel 6a,1, ,dup,2,
1239,/2024-01-28,PXL_20240128_153754366.jpg,5071737,19.013758,-104.172675,4032,3024,2024:01:28 09:37:54,0232,Google,Pixel 6a,1, ,dup,2,
1240,/2024-01-28,PXL_20240128_153759087.jpg,4842232,19.013758,-104.172675,3024,4032,2024:01:28 09:37:59,0232,Google,Pixel 6a,1, ,dup,2,
1241,/2024-01-28,PXL_20240128_153858762.jpg,4310444,19.013878,-104.172697,4032,3024,2024:01:28 09:38:58,0232,Google,Pixel 6a,1, ,dup,2,
1242,/2024-01-28,PXL_20240128_153903524.jpg,4902100,19.013878,-104.172697,3024,4032,2024:01:28 09:39:03,0232,Google,Pixel 6a,1, ,dup,2,
1243,/2024-01-28,PXL_20240128_153910975.jpg,4505878,19.013878,-104.172697,4032,3024,2024:01:28 09:39:10,0232,Google,Pixel 6a,1, ,dup,2,
1244,/2024-01-28,PXL_20240128_153915513.jpg,5874452,19.013878,-104.172697,4032,3024,2024:01:28 09:39:15,0232,Google,Pixel 6a,1, ,dup,2,
1245,/2024-01-28,PXL_20240128_153930909.jpg,4769118,19.013878,-104.172697,4032,3024,2024:01:28 09:39:30,0232,Google,Pixel 6a,1, ,ok,3,
1246,/2024-01-28,PXL_20240128_154026409.jpg,4321781,19.013681,-104.172383,4032,3024,2024:01:28 09:40:26,0232,Google,Pixel 6a,1, ,ok,3,
1247,/2024-01-28,PXL_20240128_154029401.jpg,3207992,19.013681,-104.172383,4032,3024,2024:01:28 09:40:29,0232,Google,Pixel 6a,1, ,ok,3,
1248,/2024-01-28,PXL_20240128_154121106.jpg,4249368,19.013681,-104.172383,4032,3024,2024:01:28 09:41:21,0232,Google,Pixel 6a,1, ,ok,3,
1249,/2024-01-28,PXL_20240128_154124324.jpg,4280748,19.013681,-104.172383,4032,3024,2024:01:28 09:41:24,0232,Google,Pixel 6a,1, ,ok,3,
1250,/2024-01-28,PXL_20240128_154128856.jpg,4762275,19.013681,-104.172383,4032,3024,2024:01:28 09:41:28,0232,Google,Pixel 6a,1, ,ok,3,
1251,/2024-01-28,PXL_20240128_154204875.jpg,3125235,19.013764,-104.1725,4032,3024,2024:01:28 09:42:04,0232,Google,Pixel 6a,1, ,dup,2,
1252,/2024-01-28,PXL_20240128_154208185.jpg,3427154,19.013764,-104.1725,4032,3024,2024:01:28 09:42:08,0232,Google,Pixel 6a,1, ,best,5,
1253,/2024-01-28,PXL_20240128_154225140.jpg,3098955,19.013764,-104.1725,3024,4032,2024:01:28 09:42:25,0232,Google,Pixel 6a,1, ,ok,3,
1254,/2024-01-28,PXL_20240128_154235468.jpg,4220974,19.013764,-104.1725,4032,3024,2024:01:28 09:42:35,0232,Google,Pixel 6a,1, ,ok,3,
1255,/2024-01-28,PXL_20240128_154241022.jpg,5669335,19.013764,-104.1725,4032,3024,2024:01:28 09:42:41,0232,Google,Pixel 6a,1, ,ok,3,
1256,/2024-01-28,PXL_20240128_154304428.jpg,5639499,19.013764,-104.1725,3024,4032,2024:01:28 09:43:04,0232,Google,Pixel 6a,1, ,ok,3,
1257,/2024-01-28,PXL_20240128_154310993.jpg,5054508,19.013764,-104.1725,3024,4032,2024:01:28 09:43:10,0232,Google,Pixel 6a,1, ,dup,2,
1258,/2024-01-28,PXL_20240128_155339799.jpg,2360554,19.013853,-104.172614,3024,4032,2024:01:28 09:53:39,0232,Google,Pixel 6a,1, ,bad,1,
1259,/2024-01-28,PXL_20240128_155344174.jpg,2674305,19.014903,-104.171769,3024,4032,2024:01:28 09:53:44,0232,Google,Pixel 6a,1, ,bad,1,
1260,/2024-01-28,PXL_20240128_160741632.jpg,4677236,19.013508,-104.155383,3024,4032,2024:01:28 10:07:41,0232,Google,Pixel 6a,1, ,dup,2,
1261,/2024-01-28,PXL_20240128_160807378.jpg,3762842,19.013447,-104.155444,3024,4032,2024:01:28 10:08:07,0232,Google,Pixel 6a,1, ,dup,2,
1262,/2024-01-28,PXL_20240128_160850742.jpg,2773589,19.013447,-104.155444,3024,4032,2024:01:28 10:08:50,0232,Google,Pixel 6a,1, ,good,4,
1263,/2024-01-28,PXL_20240128_160858427.jpg,4059850,19.013447,-104.155444,3024,4032,2024:01:28 10:08:58,0232,Google,Pixel 6a,1, ,dup,2,
1264,/2024-01-28,PXL_20240128_161039074.jpg,3426447,19.013694,-104.155522,3024,4032,2024:01:28 10:10:39,0232,Google,Pixel 6a,1, ,ok,3,
1265,/2024-01-28,PXL_20240128_161042649.jpg,4997546,19.013694,-104.155522,3024,4032,2024:01:28 10:10:42,0232,Google,Pixel 6a,1, ,ok,3,
1266,/2024-01-28,PXL_20240128_161051282.jpg,3728437,19.013694,-104.155522,3024,4032,2024:01:28 10:10:51,0232,Google,Pixel 6a,1, ,ok,3,
1267,/2024-01-28,PXL_20240128_161154224.jpg,4799668,19.013747,-104.155439,3024,4032,2024:01:28 10:11:54,0232,Google,Pixel 6a,1, ,ok,3,
1268,/2024-01-28,PXL_20240128_170123874.jpg,5414766,18.941856,-103.946122,4032,3024,2024:01:28 11:01:23,0232,Google,Pixel 6a,1, ,good,4,
1269,/2024-01-28,PXL_20240128_170250112.jpg,4080730,18.945375,-103.946725,3024,4032,2024:01:28 11:02:50,0232,Google,Pixel 6a,1, ,dup,2,
1270,/2024-01-28,PXL_20240128_170252607.jpg,6019570,18.945375,-103.946725,3024,4032,2024:01:28 11:02:52,0232,Google,Pixel 6a,1, ,good,4,
1271,/2024-01-28,PXL_20240128_170519222.jpg,2956665,18.945353,-103.946986,3024,4032,2024:01:28 11:05:19,0232,Google,Pixel 6a,1, ,dup,2,
1272,/2024-01-28,PXL_20240128_170537242.jpg,5523670,18.945353,-103.946986,4032,3024,2024:01:28 11:05:37,0232,Google,Pixel 6a,1, ,dup,2,
1273,/2024-01-28,PXL_20240128_171020280.jpg,3307539,18.94535,-103.946989,4032,3024,2024:01:28 11:10:20,0232,Google,Pixel 6a,1, ,dup,2,
1274,/2024-01-28,PXL_20240128_171027556.jpg,2947084,18.94535,-103.946989,4032,3024,2024:01:28 11:10:27,0232,Google,Pixel 6a,1, ,best,5,
1275,/2024-01-28,PXL_20240128_173357517.jpg,3012264,18.875625,-103.991831,4032,3024,2024:01:28 11:33:57,0232,Google,Pixel 6a,1, ,ok,3,
1276,/2024-01-28,PXL_20240128_174136311.jpg,3355678,18.875461,-103.991775,4032,3024,2024:01:28 11:41:36,0232,Google,Pixel 6a,1, ,dup,2,
1277,/2024-01-28,PXL_20240128_174213998.jpg,2843249,18.875692,-103.991964,4032,3024,2024:01:28 11:42:13,0232,Google,Pixel 6a,1, ,dup,2,
1278,/2024-01-28,PXL_20240128_174215494.jpg,2960992,18.875692,-103.991964,4032,3024,2024:01:28 11:42:15,0232,Google,Pixel 6a,1, ,good,4,
1279,/2024-01-28,PXL_20240128_174229275.jpg,3136014,18.875692,-103.991964,4032,3024,2024:01:28 11:42:29,0232,Google,Pixel 6a,1, ,best,5,
1280,/2024-01-28,PXL_20240128_174230456.jpg,3129201,18.875692,-103.991964,4032,3024,2024:01:28 11:42:30,0232,Google,Pixel 6a,1, ,dup,2,
1281,/2024-01-28,PXL_20240128_174936142.jpg,3795313,18.875611,-103.992111,4032,3024,2024:01:28 11:49:36,0232,Google,Pixel 6a,1, ,dup,2,
1282,/2024-01-28,PXL_20240128_174941778.jpg,3699972,18.875611,-103.992111,4032,3024,2024:01:28 11:49:41,0232,Google,Pixel 6a,1, ,dup,2,
1283,/2024-01-28,PXL_20240128_174942541.jpg,3808708,18.875611,-103.992111,4032,3024,2024:01:28 11:49:42,0232,Google,Pixel 6a,1, ,dup,2,
1284,/2024-01-28,PXL_20240128_180649453.jpg,3732049,18.875611,-103.992086,3024,4032,2024:01:28 12:06:49,0232,Google,Pixel 6a,1, ,good,4,
1285,/2024-01-28,PXL_20240128_180701784.jpg,3517214,18.875611,-103.992086,3024,4032,2024:01:28 12:07:01,0232,Google,Pixel 6a,1, ,dup,2,
1286,/2024-01-28,PXL_20240128_180702831.jpg,3512200,18.875611,-103.992086,3024,4032,2024:01:28 12:07:02,0232,Google,Pixel 6a,1, ,dup,2,
1287,/2024-01-28,PXL_20240128_181338738.jpg,2389475,18.875428,-103.991892,3280,2464,2024:01:28 12:13:38,0232,Google,Pixel 6a,1, ,dup,2,
1288,/2024-01-28,PXL_20240128_181339402.jpg,2198979,18.875428,-103.991892,3280,2464,2024:01:28 12:13:39,0232,Google,Pixel 6a,1, ,best,5,
1289,/2024-01-28,PXL_20240128_182321086.jpg,4134849,18.874536,-103.990486,3024,4032,2024:01:28 12:23:21,0232,Google,Pixel 6a,1, ,dup,2,
1290,/2024-01-28,PXL_20240128_182349334.jpg,4922462,18.874536,-103.990486,3024,4032,2024:01:28 12:23:49,0232,Google,Pixel 6a,1, ,good,4,
1291,/2024-01-28,PXL_20240128_182445327.jpg,3637632,18.874494,-103.990269,3024,4032,2024:01:28 12:24:45,0232,Google,Pixel 6a,1, ,dup,2,
1292,/2024-01-28,PXL_20240128_182449065.jpg,4197003,18.874494,-103.990269,4032,3024,2024:01:28 12:24:49,0232,Google,Pixel 6a,1, ,good,4,
1293,/2024-01-28,PXL_20240128_183644393.jpg,1248052,18.875497,-103.991842,3024,4032,2024:01:28 12:36:44,0232,Google,Pixel 6a,1, ,ok,3,
1294,/2024-01-28,PXL_20240128_183654188.jpg,2952965,18.875497,-103.991842,3024,4032,2024:01:28 12:36:54,0232,Google,Pixel 6a,1, ,ok,3,
1295,/2024-01-28,PXL_20240128_194349946.jpg,2534035,19.054975,-104.3078,4032,3024,2024:01:28 13:43:49,0232,Google,Pixel 6a,1, ,ok,3,
1296,/2024-01-28,PXL_20240128_195907483.jpg,2616766,19.055308,-104.314608,4032,3024,2024:01:28 13:59:07,0232,Google,Pixel 6a,1, ,ok,3,
1297,/2024-01-28,PXL_20240128_200143590.jpg,2790065,19.054256,-104.315058,4032,3024,2024:01:28 14:01:43,0232,Google,Pixel 6a,1, ,dup,2,
1298,/2024-01-28,PXL_20240128_200214349.jpg,2368567,19.054275,-104.315089,4032,3024,2024:01:28 14:02:14,0232,Google,Pixel 6a,1, ,good,4,
1299,/2024-01-28,PXL_20240128_200552801.jpg,2232212,19.053619,-104.315936,3024,4032,2024:01:28 14:05:52,0232,Google,Pixel 6a,1, ,good,4,
1300,/2024-01-28,PXL_20240128_200621896.jpg,2381025,19.053619,-104.315936,3024,4032,2024:01:28 14:06:21,0232,Google,Pixel 6a,1, ,dup,2,
1301,/2024-01-28,PXL_20240128_200719991.jpg,2415171,19.054178,-104.316606,4032,3024,2024:01:28 14:07:19,0232,Google,Pixel 6a,1, ,dup,2,
1302,/2024-01-28,PXL_20240128_200931255.jpg,2325674,19.054453,-104.316375,3024,4032,2024:01:28 14:09:31,0232,Google,Pixel 6a,1, ,ok,3,
1303,/2024-01-28,PXL_20240128_200936411.jpg,2473243,19.054453,-104.316375,3024,4032,2024:01:28 14:09:36,0232,Google,Pixel 6a,1, ,ok,3,
1304,/2024-01-28,PXL_20240128_201149383.jpg,4331963,19.054194,-104.316175,4032,3024,2024:01:28 14:11:49,0232,Google,Pixel 6a,1, ,ok,3,
1305,/2024-01-28,PXL_20240128_201241620.jpg,2592300,19.053992,-104.315864,4032,3024,2024:01:28 14:12:41,0232,Google,Pixel 6a,1, ,good,4,
1306,/2024-01-28,PXL_20240128_201333822.jpg,2757912,19.053992,-104.315864,4032,3024,2024:01:28 14:13:33,0232,Google,Pixel 6a,1, ,ok,3,
1307,/2024-01-28,PXL_20240128_201439015.jpg,1982180,19.054211,-104.315333,4032,3024,2024:01:28 14:14:39,0232,Google,Pixel 6a,1, ,best,5,
1308,/2024-01-28,PXL_20240128_201537076.jpg,2382594,19.054253,-104.315392,3280,2464,2024:01:28 14:15:37,0232,Google,Pixel 6a,1, ,best,5,
1309,/2024-01-28,PXL_20240128_202425249.jpg,1985736,19.054872,-104.314686,4032,3024,2024:01:28 14:24:25,0232,Google,Pixel 6a,1, ,dup,2,
1310,/2024-01-28,PXL_20240128_202649141.jpg,2601224,19.056025,-104.314244,3280,2464,2024:01:28 14:26:49,0232,Google,Pixel 6a,1, ,good,4,
1311,/2024-01-28,PXL_20240128_202756831.jpg,3312783,19.05595,-104.314139,4032,3024,2024:01:28 14:27:56,0232,Google,Pixel 6a,1, ,good,4,
1312,/2024-01-29,PXL_20240129_131811290.NIGHT.jpg,1487908,22.877397,-106.491131,4032,3024,2024:01:29 06:18:11,0232,Google,Pixel 6a,1, ,ok,3,
1313,/2024-01-29,PXL_20240129_131958308.jpg,2542195,22.885408,-106.494619,4032,3024,2024:01:29 06:19:58,0232,Google,Pixel 6a,1, ,ok,3,
1314,/2024-01-29,PXL_20240129_132002662.jpg,2501000,22.885408,-106.494619,4032,3024,2024:01:29 06:20:02,0232,Google,Pixel 6a,1, ,ok,3,
1315,/2024-01-29,PXL_20240129_132008220.NIGHT.jpg,1859351,22.885408,-106.494619,4032,3024,2024:01:29 06:20:08,0232,Google,Pixel 6a,1, ,ok,3,
1316,/2024-01-29,PXL_20240129_134931559.jpg,1652234,23.000736,-106.503794,4032,3024,2024:01:29 06:49:31,0232,Google,Pixel 6a,1, ,dup,2,
1317,/2024-01-29,PXL_20240129_134936464.jpg,1630662,23.000736,-106.503794,4032,3024,2024:01:29 06:49:36,0232,Google,Pixel 6a,1, ,best,5,
1318,/2024-01-29,PXL_20240129_134940501.jpg,2707040,23.000736,-106.503794,4032,3024,2024:01:29 06:49:40,0232,Google,Pixel 6a,1, ,dup,2,
1319,/2024-01-29,PXL_20240129_134943758.jpg,2518382,23.000736,-106.503794,4032,3024,2024:01:29 06:49:43,0232,Google,Pixel 6a,1, ,dup,2,
1320,/2024-01-29,PXL_20240129_134949771.jpg,2649619,23.000736,-106.503794,4032,3024,2024:01:29 06:49:49,0232,Google,Pixel 6a,1, ,dup,2,
1321,/2024-01-29,PXL_20240129_135009284.jpg,1581649,23.000736,-106.503794,4032,3024,2024:01:29 06:50:09,0232,Google,Pixel 6a,1, ,dup,2,
1322,/2024-01-29,PXL_20240129_150354997.jpg,3026591,23.199228,-106.413028,4032,3024,2024:01:29 08:03:54,0232,Google,Pixel 6a,1, ,ok,3,
1323,/2024-01-29,PXL_20240129_150359451.jpg,2977522,23.199228,-106.413028,4032,3024,2024:01:29 08:03:59,0232,Google,Pixel 6a,1, ,ok,3,
1324,/2024-01-29,PXL_20240129_150409122.jpg,2789640,23.199228,-106.413028,4032,3024,2024:01:29 08:04:09,0232,Google,Pixel 6a,1, ,ok,3,
1325,/2024-01-29,PXL_20240129_150431744.jpg,1108204,23.199228,-106.413028,4032,3024,2024:01:29 08:04:31,0232,Google,Pixel 6a,1, ,dup,2,
1326,/2024-01-29,PXL_20240129_150432421.jpg,1097210,23.199228,-106.413028,4032,3024,2024:01:29 08:04:32,0232,Google,Pixel 6a,1, ,good,4,
1327,/2024-01-29,PXL_20240129_150432966.jpg,1139774,23.199228,-106.413028,4032,3024,2024:01:29 08:04:32,0232,Google,Pixel 6a,1, ,dup,2,
1328,/2024-01-29,PXL_20240129_150639968.jpg,1359479,23.198128,-106.410328,3024,4032,2024:01:29 08:06:39,0232,Google,Pixel 6a,1, ,dup,2,
1329,/2024-01-29,PXL_20240129_154708594.jpg,2382691,23.194586,-106.414194,3024,4032,2024:01:29 08:47:08,0232,Google,Pixel 6a,1, ,dup,2,
1330,/2024-01-29,PXL_20240129_154726416.jpg,1654901,23.194586,-106.414194,3024,4032,2024:01:29 08:47:26,0232,Google,Pixel 6a,1, ,best,5,
1331,/2024-01-29,PXL_20240129_154733817.jpg,1768595,23.194586,-106.414194,3024,4032,2024:01:29 08:47:33,0232,Google,Pixel 6a,1, ,dup,2,
1332,/2024-01-29,PXL_20240129_154755413.PANO.jpg,2539625,23.194586,-106.414194,4910,1674,2024:01:29 08:47:59,0,Google,Pixel 6a,0, ,good,4,
1333,/2024-01-29,PXL_20240129_165405353.jpg,3761825,23.191436,-106.418372,3024,4032,2024:01:29 09:54:05,0232,Google,Pixel 6a,1, ,ok,3,
1334,/2024-01-29,PXL_20240129_165411185.jpg,3664870,23.191436,-106.418372,4032,3024,2024:01:29 09:54:11,0232,Google,Pixel 6a,1, ,ok,3,
1335,/2024-01-29,PXL_20240129_165417160.jpg,2136364,23.191436,-106.418372,3280,2464,2024:01:29 09:54:17,0232,Google,Pixel 6a,1, ,ok,3,
1336,/2024-01-29,PXL_20240129_165552225.jpg,4699326,23.188569,-106.422086,4032,3024,2024:01:29 09:55:52,0232,Google,Pixel 6a,1, ,ok,3,
1337,/2024-01-29,PXL_20240129_165849558.jpg,5952429,23.181411,-106.425147,4032,3024,2024:01:29 09:58:49,0232,Google,Pixel 6a,1, ,ok,3,
1338,/2024-01-29,PXL_20240129_165911158.jpg,4600943,23.181411,-106.425147,4032,3024,2024:01:29 09:59:11,0232,Google,Pixel 6a,1, ,best,5,
1339,/2024-01-29,PXL_20240129_171741688.jpg,5425693,23.1815,-106.425858,4032,3024,2024:01:29 10:17:41,0232,Google,Pixel 6a,1, ,ok,3,
1340,/2024-01-29,PXL_20240129_171744783.jpg,4579569,23.1815,-106.425858,4032,3024,2024:01:29 10:17:44,0232,Google,Pixel 6a,1, ,ok,3,
1341,/2024-01-29,PXL_20240129_171751719.jpg,4534347,23.1815,-106.425858,4032,3024,2024:01:29 10:17:51,0232,Google,Pixel 6a,1, ,ok,3,
1342,/2024-01-29,PXL_20240129_172604048.jpg,3158485,23.180964,-106.426406,4032,3024,2024:01:29 10:26:04,0232,Google,Pixel 6a,1, ,dup,2,
1343,/2024-01-29,PXL_20240129_172623306.PANO.jpg,2136228,23.180969,-106.426372,3776,1662,2024:01:29 10:26:26,0,Google,Pixel 6a,0, ,good,4,
1344,/2024-01-29,PXL_20240129_172716690.jpg,3421928,23.180978,-106.426372,4032,3024,2024:01:29 10:27:16,0232,Google,Pixel 6a,1, ,best,5,
1345,/2024-01-29,PXL_20240129_172719831.jpg,4081337,23.180978,-106.426372,3024,4032,2024:01:29 10:27:19,0232,Google,Pixel 6a,1, ,dup,2,
1346,/2024-01-29,PXL_20240129_173215071.jpg,3454362,23.180964,-106.426369,3024,4032,2024:01:29 10:32:15,0232,Google,Pixel 6a,1, ,dup,2,
1347,/2024-01-29,PXL_20240129_173220833.jpg,3370809,23.180964,-106.426369,3024,4032,2024:01:29 10:32:20,0232,Google,Pixel 6a,1, ,dup,2,
1348,/2024-01-29,PXL_20240129_173854810.jpg,5682569,23.178625,-106.426022,3024,4032,2024:01:29 10:38:54,0232,Google,Pixel 6a,1, ,good,4,
1349,/2024-01-29,PXL_20240129_173914793.jpg,5487576,23.178625,-106.426036,3024,4032,2024:01:29 10:39:14,0232,Google,Pixel 6a,1, ,dup,2,
1350,/2024-01-29,PXL_20240129_174121795.jpg,3958283,23.178622,-106.426044,3024,4032,2024:01:29 10:41:21,0232,Google,Pixel 6a,1, ,dup,2,
1351,/2024-01-29,PXL_20240129_174131446.jpg,3540168,23.178619,-106.426044,4032,3024,2024:01:29 10:41:31,0232,Google,Pixel 6a,1, ,good,4,
1352,/2024-01-29,PXL_20240129_174155251.jpg,3586940,23.178619,-106.42605,3024,4032,2024:01:29 10:41:55,0232,Google,Pixel 6a,1, ,dup,2,
1353,/2024-01-29,PXL_20240129_174447439.jpg,5920958,23.178628,-106.426053,3024,4032,2024:01:29 10:44:47,0232,Google,Pixel 6a,1, ,dup,2,
1354,/2024-01-29,PXL_20240129_174456004.jpg,5684414,23.178628,-106.426047,3024,4032,2024:01:29 10:44:56,0232,Google,Pixel 6a,1, ,dup,2,
1355,/2024-01-29,PXL_20240129_174507710.jpg,4134541,23.178619,-106.426042,4032,3024,2024:01:29 10:45:07,0232,Google,Pixel 6a,1, ,dup,2,
1356,/2024-01-29,PXL_20240129_174628762.jpg,4160751,23.178628,-106.426036,3024,4032,2024:01:29 10:46:28,0232,Google,Pixel 6a,1, ,dup,2,
1357,/2024-01-29,PXL_20240129_174632436.jpg,4463602,23.178628,-106.426036,3024,4032,2024:01:29 10:46:32,0232,Google,Pixel 6a,1, ,dup,2,
1358,/2024-01-29,PXL_20240129_174726297.jpg,2910249,23.178622,-106.426039,3024,4032,2024:01:29 10:47:26,0232,Google,Pixel 6a,1, ,dup,2,
1359,/2024-01-29,PXL_20240129_175035524.jpg,2899846,23.179328,-106.426272,4032,3024,2024:01:29 10:50:35,0232,Google,Pixel 6a,1, ,best,5,
1360,/2024-01-29,PXL_20240129_175041093.jpg,3177279,23.179328,-106.426272,4032,3024,2024:01:29 10:50:41,0232,Google,Pixel 6a,1, ,dup,2,
1361,/2024-01-29,PXL_20240129_175049201.jpg,2648397,23.179325,-106.426269,4032,3024,2024:01:29 10:50:49,0232,Google,Pixel 6a,1, ,dup,2,
1362,/2024-01-29,PXL_20240129_175107904.jpg,3339162,23.179325,-106.426269,3024,4032,2024:01:29 10:51:07,0232,Google,Pixel 6a,1, ,dup,2,
1363,/2024-01-29,PXL_20240129_175209704.jpg,3721129,23.179322,-106.426269,3024,4032,2024:01:29 10:52:09,0232,Google,Pixel 6a,1, ,dup,2,
1364,/2024-01-29,PXL_20240129_175228182.jpg,3200722,23.179317,-106.426261,4032,3024,2024:01:29 10:52:28,0232,Google,Pixel 6a,1, ,dup,2,
1365,/2024-01-29,PXL_20240129_175655608.jpg,2983004,23.178711,-106.426614,3024,4032,2024:01:29 10:56:55,0232,Google,Pixel 6a,1, ,dup,2,
1366,/2024-01-29,PXL_20240129_175704684.jpg,3201859,23.178711,-106.426614,3024,4032,2024:01:29 10:57:04,0232,Google,Pixel 6a,1, ,dup,2,
1367,/2024-01-29,PXL_20240129_180802016.jpg,4415643,23.178564,-106.426742,4032,3024,2024:01:29 11:08:02,0232,Google,Pixel 6a,1, ,dup,2,
1368,/2024-01-29,PXL_20240129_181131935.jpg,4001774,23.177886,-106.426994,3024,4032,2024:01:29 11:11:31,0232,Google,Pixel 6a,1, ,dup,2,
1369,/2024-01-29,PXL_20240129_181224223.jpg,3267131,23.17795,-106.426992,3024,4032,2024:01:29 11:12:24,0232,Google,Pixel 6a,1, ,dup,2,
1370,/2024-01-29,PXL_20240129_181227101.jpg,3374100,23.177958,-106.426992,3024,4032,2024:01:29 11:12:27,0232,Google,Pixel 6a,1, ,dup,2,
1371,/2024-01-29,PXL_20240129_181753432.jpg,1214819,23.177903,-106.426981,4032,3024,2024:01:29 11:17:53,0232,Google,Pixel 6a,1, ,ok,3,
1372,/2024-01-29,PXL_20240129_182344452.jpg,3974489,23.178036,-106.427253,4032,3024,2024:01:29 11:23:44,0232,Google,Pixel 6a,1, ,dup,2,
1373,/2024-01-29,PXL_20240129_182412860.jpg,4190637,23.177856,-106.427339,3024,4032,2024:01:29 11:24:12,0232,Google,Pixel 6a,1, ,dup,2,
1374,/2024-01-29,PXL_20240129_182507967.jpg,3934736,23.177728,-106.427389,4032,3024,2024:01:29 11:25:07,0232,Google,Pixel 6a,1, ,best,5,
1375,/2024-01-29,PXL_20240129_182556247.jpg,3623027,23.177936,-106.427317,3024,4032,2024:01:29 11:25:56,0232,Google,Pixel 6a,1, ,dup,2,
1376,/2024-01-29,PXL_20240129_182600834.jpg,3740595,23.177936,-106.427314,4032,3024,2024:01:29 11:26:00,0232,Google,Pixel 6a,1, ,dup,2,
1377,/2024-01-29,PXL_20240129_182636714.PANO.jpg,4829129,23.177967,-106.427319,9682,1643,2024:01:29 11:26:44,0,Google,Pixel 6a,0, ,good,4,
1378,/2024-01-29,PXL_20240129_182939503.jpg,2132322,23.177947,-106.4274,3280,2464,2024:01:29 11:29:39,0232,Google,Pixel 6a,1, ,bad,1,
1379,/2024-01-29,PXL_20240129_182955366.jpg,2395849,23.177933,-106.427336,3280,2464,2024:01:29 11:29:55,0232,Google,Pixel 6a,1, ,good,4,
1380,/2024-01-29,PXL_20240129_183111537.jpg,2516515,23.177869,-106.427378,3280,2464,2024:01:29 11:31:11,0232,Google,Pixel 6a,1, ,good,4,
1381,/2024-01-29,PXL_20240129_183112324.jpg,2505394,23.177869,-106.427378,3280,2464,2024:01:29 11:31:12,0232,Google,Pixel 6a,1, ,dup,2,
1382,/2024-01-29,PXL_20240129_184202798.jpg,2991211,23.177739,-106.427578,3024,4032,2024:01:29 11:42:02,0232,Google,Pixel 6a,1, ,ok,3,
1383,/2024-01-29,PXL_20240129_184216603.jpg,4076114,23.177736,-106.427592,4032,3024,2024:01:29 11:42:16,0232,Google,Pixel 6a,1, ,good,4,
1384,/2024-01-29,PXL_20240129_184851381.PANO.jpg,3014526,23.178014,-106.427336,4606,1654,2024:01:29 11:48:54,0,Google,Pixel 6a,0, ,good,4,
1385,/2024-01-29,PXL_20240129_184952031.jpg,4058994,23.177906,-106.427372,4032,3024,2024:01:29 11:49:52,0232,Google,Pixel 6a,1, ,ok,3,
1386,/2024-01-29,PXL_20240129_184956205.jpg,3576846,23.1779,-106.427372,4032,3024,2024:01:29 11:49:56,0232,Google,Pixel 6a,1, ,dup,2,
1387,/2024-01-29,PXL_20240129_185044173.jpg,2342497,23.177919,-106.427331,3280,2464,2024:01:29 11:50:44,0232,Google,Pixel 6a,1, ,good,4,
1388,/2024-01-29,PXL_20240129_191209312.jpg,1180253,23.17775,-106.427408,4032,3024,2024:01:29 12:12:09,0232,Google,Pixel 6a,1, ,ok,3,
1389,/2024-01-29,PXL_20240129_191225784.jpg,1141825,23.177722,-106.427403,4032,3024,2024:01:29 12:12:25,0232,Google,Pixel 6a,1, ,ok,3,
1390,/2024-01-29,PXL_20240129_191228962.jpg,1126752,23.177722,-106.4274,4032,3024,2024:01:29 12:12:28,0232,Google,Pixel 6a,1, ,ok,3,
1391,/2024-01-29,PXL_20240129_191235298.jpg,1165743,23.177722,-106.4274,4032,3024,2024:01:29 12:12:35,0232,Google,Pixel 6a,1, ,ok,3,
1392,/2024-01-29,PXL_20240129_191317926.jpg,1099525,23.177728,-106.427406,4032,3024,2024:01:29 12:13:17,0232,Google,Pixel 6a,1, ,ok,3,
1393,/2024-01-29,PXL_20240129_191332466.jpg,1123912,23.177711,-106.427411,4032,3024,2024:01:29 12:13:32,0232,Google,Pixel 6a,1, ,ok,3,
1394,/2024-01-29,PXL_20240129_191338174.jpg,1099837,23.177714,-106.427411,4032,3024,2024:01:29 12:13:38,0232,Google,Pixel 6a,1, ,ok,3,
1395,/2024-01-29,PXL_20240129_191344019.jpg,1106031,23.177714,-106.427414,4032,3024,2024:01:29 12:13:44,0232,Google,Pixel 6a,1, ,ok,3,
1396,/2024-01-29,PXL_20240129_191529562.jpg,2724831,23.177822,-106.427336,4032,3024,2024:01:29 12:15:29,0232,Google,Pixel 6a,1, ,ok,3,
1397,/2024-01-29,PXL_20240129_193508163.jpg,1735896,23.180175,-106.425919,4032,3024,2024:01:29 12:35:08,0232,Google,Pixel 6a,1, ,dup,2,
1398,/2024-01-29,PXL_20240129_193527490.jpg,1861915,23.180167,-106.425908,4032,3024,2024:01:29 12:35:27,0232,Google,Pixel 6a,1, ,dup,2,
1399,/2024-01-29,PXL_20240129_193611507.jpg,1931504,23.180206,-106.425897,4032,3024,2024:01:29 12:36:11,0232,Google,Pixel 6a,1, ,ok,3,
1400,/2024-01-29,PXL_20240129_193620616.jpg,2381739,23.180211,-106.425892,4032,3024,2024:01:29 12:36:20,0232,Google,Pixel 6a,1, ,dup,2,
1401,/2024-01-29,PXL_20240129_214915189.jpg,1835806,23.196403,-106.418686,3024,4032,2024:01:29 14:49:15,0232,Google,Pixel 6a,1, ,best,5,
1402,/2024-01-29,PXL_20240130_001137986.jpg,2617609,23.194344,-106.409572,3024,4032,2024:01:29 17:11:37,0232,Google,Pixel 6a,1, ,reject,0,
1403,/2024-01-29,PXL_20240130_011227588.NIGHT.jpg,1819161,23.188564,-106.415192,4032,3024,2024:01:29 18:12:27,0232,Google,Pixel 6a,1, ,dup,2,
1404,/2024-01-29,PXL_20240130_011255267.NIGHT.jpg,2020569,23.188564,-106.415192,4032,3024,2024:01:29 18:12:55,0232,Google,Pixel 6a,1, ,dup,2,
1405,/2024-01-29,PXL_20240130_011332233.NIGHT.jpg,2009708,23.187103,-106.415606,4032,3024,2024:01:29 18:13:32,0232,Google,Pixel 6a,1, ,dup,2,
1406,/2024-01-29,PXL_20240130_011355301.NIGHT.jpg,2236303,23.187103,-106.415606,4032,3024,2024:01:29 18:13:55,0232,Google,Pixel 6a,1, ,good,4,
1407,/2024-01-29,PXL_20240130_011411415.NIGHT.jpg,2299614,23.187103,-106.415606,4032,3024,2024:01:29 18:14:11,0232,Google,Pixel 6a,1, ,good,4,
1408,/2024-01-29,PXL_20240130_011431212.NIGHT.jpg,1827453,23.187103,-106.415606,4032,3024,2024:01:29 18:14:31,0232,Google,Pixel 6a,1, ,dup,2,
1409,/2024-01-29,PXL_20240130_011442942.NIGHT.jpg,2498174,23.187103,-106.415606,4032,3024,2024:01:29 18:14:42,0232,Google,Pixel 6a,1, ,dup,2,
1410,/2024-01-29,PXL_20240130_011457237.NIGHT.jpg,2164481,23.187103,-106.415606,4032,3024,2024:01:29 18:14:57,0232,Google,Pixel 6a,1, ,dup,2,
1411,/2024-01-29,PXL_20240130_011527402.NIGHT.jpg,1780266,23.187103,-106.415606,4032,3024,2024:01:29 18:15:27,0232,Google,Pixel 6a,1, ,bad,1,
1412,/2024-01-29,PXL_20240130_011637311.NIGHT.jpg,2102568,23.181567,-106.418369,4032,3024,2024:01:29 18:16:37,0232,Google,Pixel 6a,1, ,best,5,
1413,/2024-01-29,PXL_20240130_011734954.NIGHT.jpg,2014017,23.186458,-106.421431,3024,4032,2024:01:29 18:17:34,0232,Google,Pixel 6a,1, ,dup,2,
1414,/2024-01-29,PXL_20240130_011743931.NIGHT.jpg,2271890,23.186458,-106.421431,4032,3024,2024:01:29 18:17:43,0232,Google,Pixel 6a,1, ,dup,2,
1415,/2024-01-29,PXL_20240130_011831902.NIGHT.jpg,1914636,23.177144,-106.420506,4032,3024,2024:01:29 18:18:31,0232,Google,Pixel 6a,1, ,ok,3,
1416,/2024-01-29,PXL_20240130_011845256.NIGHT.jpg,1814856,23.177144,-106.420506,3024,4032,2024:01:29 18:18:45,0232,Google,Pixel 6a,1, ,ok,3,
1417,/2024-01-29,PXL_20240130_011917146.NIGHT.jpg,2072805,23.177144,-106.420506,4032,3024,2024:01:29 18:19:17,0232,Google,Pixel 6a,1, ,ok,3,
1418,/2024-01-29,PXL_20240130_011934195.NIGHT.jpg,1969833,23.177144,-106.420506,4032,3024,2024:01:29 18:19:34,0232,Google,Pixel 6a,1, ,ok,3,
1419,/2024-01-29,PXL_20240130_011953036.NIGHT.jpg,2121488,23.173583,-106.422558,4032,3024,2024:01:29 18:19:53,0232,Google,Pixel 6a,1, ,ok,3,
1420,/2024-01-29,PXL_20240130_012030099.NIGHT.jpg,2166815,23.173583,-106.422558,4032,3024,2024:01:29 18:20:30,0232,Google,Pixel 6a,1, ,ok,3,
1421,/2024-01-29,PXL_20240130_012120816.NIGHT.jpg,2361636,23.170942,-106.423517,4032,3024,2024:01:29 18:21:20,0232,Google,Pixel 6a,1, ,ok,3,
1422,/2024-01-30,PXL_20240130_151918534.jpg,3428825,0,0,3024,4032,2024:01:30 08:19:18,0232,Google,Pixel 6a,1, ,reject,0,
1423,/2024-01-30,PXL_20240130_154158791.jpg,3784829,22.883869,-109.892617,4032,3024,2024:01:30 08:41:58,0232,Google,Pixel 6a,1, ,ok,3,
1424,/2024-01-30,PXL_20240130_154210692.jpg,3571878,22.883869,-109.892617,4032,3024,2024:01:30 08:42:10,0232,Google,Pixel 6a,1, ,ok,3,
1425,/2024-01-30,PXL_20240130_154230096.PANO.jpg,1928605,22.883878,-109.892614,3760,1649,2024:01:30 08:42:33,0,Google,Pixel 6a,0, ,best,5,
1426,/2024-01-30,PXL_20240130_163517820.PANO.jpg,2614235,22.882653,-109.893689,5506,1653,2024:01:30 09:35:22,0,Google,Pixel 6a,0, ,good,4,
1427,/2024-01-30,PXL_20240130_165359064.PANO.jpg,2303563,22.882828,-109.891311,4742,1612,2024:01:30 09:54:03,0,Google,Pixel 6a,0, ,dup,2,
1428,/2024-01-30,PXL_20240130_165820730.jpg,1751904,22.883689,-109.887603,3024,4032,2024:01:30 09:58:20,0232,Google,Pixel 6a,1, ,dup,2,
1429,/2024-01-30,PXL_20240130_165826065.jpg,1716497,22.883689,-109.887603,4032,3024,2024:01:30 09:58:26,0232,Google,Pixel 6a,1, ,dup,2,
1430,/2024-01-30,PXL_20240130_165905771.jpg,1732322,22.883689,-109.887603,4032,3024,2024:01:30 09:59:05,0232,Google,Pixel 6a,1, ,bad,1,
1431,/2024-01-30,PXL_20240130_165912238.jpg,2219120,22.883689,-109.887603,4032,3024,2024:01:30 09:59:12,0232,Google,Pixel 6a,1, ,dup,2,
1432,/2024-01-30,PXL_20240130_165916396.jpg,2170700,22.883689,-109.887603,4032,3024,2024:01:30 09:59:16,0232,Google,Pixel 6a,1, ,dup,2,
1433,/2024-01-30,PXL_20240130_165937577.jpg,1677062,22.883689,-109.887603,4032,3024,2024:01:30 09:59:37,0232,Google,Pixel 6a,1, ,dup,2,
1434,/2024-01-30,PXL_20240130_165956299.jpg,1919099,22.883689,-109.887603,4032,3024,2024:01:30 09:59:56,0232,Google,Pixel 6a,1, ,dup,2,
1435,/2024-01-30,PXL_20240130_170016596.jpg,2733440,22.883689,-109.887603,4032,3024,2024:01:30 10:00:16,0232,Google,Pixel 6a,1, ,dup,2,
1436,/2024-01-30,PXL_20240130_170023304.jpg,2800568,22.883689,-109.887603,4032,3024,2024:01:30 10:00:23,0232,Google,Pixel 6a,1, ,dup,2,
1437,/2024-01-30,PXL_20240130_170027559.jpg,3095470,22.883689,-109.887603,4032,3024,2024:01:30 10:00:27,0232,Google,Pixel 6a,1, ,dup,2,
1438,/2024-01-30,PXL_20240130_170033375.jpg,2732402,22.883689,-109.887603,4032,3024,2024:01:30 10:00:33,0232,Google,Pixel 6a,1, ,dup,2,
1439,/2024-01-30,PXL_20240130_170042699.jpg,2251295,22.883689,-109.887603,4032,3024,2024:01:30 10:00:42,0232,Google,Pixel 6a,1, ,dup,2,
1440,/2024-01-30,PXL_20240130_170108085.jpg,2163447,22.884433,-109.885956,4032,3024,2024:01:30 10:01:08,0232,Google,Pixel 6a,1, ,best,5,
1441,/2024-01-30,PXL_20240130_170122078.jpg,1496034,22.884433,-109.885956,4032,3024,2024:01:30 10:01:22,0232,Google,Pixel 6a,1, ,dup,2,
1442,/2024-01-30,PXL_20240130_170129408.jpg,1644542,22.884433,-109.885956,4032,3024,2024:01:30 10:01:29,0232,Google,Pixel 6a,1, ,dup,2,
1443,/2024-01-30,PXL_20240130_170130771.jpg,1574159,22.884433,-109.885956,4032,3024,2024:01:30 10:01:30,0232,Google,Pixel 6a,1, ,dup,2,
1444,/2024-01-30,PXL_20240130_170141875.jpg,2143761,22.884433,-109.885956,4032,3024,2024:01:30 10:01:41,0232,Google,Pixel 6a,1, ,dup,2,
1445,/2024-01-30,PXL_20240130_170157847.jpg,1716650,22.884433,-109.885956,3024,4032,2024:01:30 10:01:57,0232,Google,Pixel 6a,1, ,dup,2,
1446,/2024-01-30,PXL_20240130_170311305.jpg,2090089,22.883736,-109.885297,3280,2464,2024:01:30 10:03:11,0232,Google,Pixel 6a,1, ,dup,2,
1447,/2024-01-30,PXL_20240130_170312632.jpg,2123161,22.883736,-109.885297,3280,2464,2024:01:30 10:03:12,0232,Google,Pixel 6a,1, ,good,4,
1448,/2024-01-30,PXL_20240130_170314268.jpg,2162884,22.883736,-109.885297,3280,2464,2024:01:30 10:03:14,0232,Google,Pixel 6a,1, ,dup,2,
1449,/2024-01-30,PXL_20240130_170336700.jpg,2658900,22.883736,-109.885297,4032,3024,2024:01:30 10:03:36,0232,Google,Pixel 6a,1, ,dup,2,
1450,/2024-01-30,PXL_20240130_170359325.jpg,1642629,22.883736,-109.885297,4032,3024,2024:01:30 10:03:59,0232,Google,Pixel 6a,1, ,dup,2,
1451,/2024-01-30,PXL_20240130_170402254.jpg,1606040,22.883736,-109.885297,4032,3024,2024:01:30 10:04:02,0232,Google,Pixel 6a,1, ,dup,2,
1452,/2024-01-30,PXL_20240130_170408774.jpg,2579411,22.883736,-109.885297,4032,3024,2024:01:30 10:04:08,0232,Google,Pixel 6a,1, ,dup,2,
1453,/2024-01-30,PXL_20240130_170524648.jpg,2116165,22.881233,-109.883628,4032,3024,2024:01:30 10:05:24,0232,Google,Pixel 6a,1, ,dup,2,
1454,/2024-01-30,PXL_20240130_171638174.jpg,2286772,22.847094,-109.8756,4032,3024,2024:01:30 10:16:38,0232,Google,Pixel 6a,1, ,ok,3,
1455,/2024-01-31,PXL_20240131_141225538.jpg,2927659,27.173103,-115.045492,4032,3024,2024:01:31 07:12:25,0232,Google,Pixel 6a,1, ,ok,3,
1456,/2024-01-31,PXL_20240131_141849280.jpg,2226625,27.202428,-115.070631,4032,3024,2024:01:31 07:18:49,0232,Google,Pixel 6a,1, ,ok,3,
1457,/2024-01-31,PXL_20240131_141852336.jpg,1649633,27.202428,-115.070631,4032,3024,2024:01:31 07:18:52,0232,Google,Pixel 6a,1, ,ok,3,
1458,/2024-01-31,PXL_20240131_141854707.jpg,1709044,27.202428,-115.070631,4032,3024,2024:01:31 07:18:54,0232,Google,Pixel 6a,1, ,ok,3,
1459,/2024-01-31,PXL_20240131_142559593.jpg,1255252,27.234317,-115.098183,4032,3024,2024:01:31 07:25:59,0232,Google,Pixel 6a,1, ,ok,3,
1460,/2024-01-31,PXL_20240131_142600987.jpg,1251860,27.234317,-115.098183,4032,3024,2024:01:31 07:26:00,0232,Google,Pixel 6a,1, ,ok,3,
1461,/2024-01-31,PXL_20240131_142601787.jpg,1159409,27.234317,-115.098183,4032,3024,2024:01:31 07:26:01,0232,Google,Pixel 6a,1, ,ok,3,
1462,/2024-01-31,PXL_20240131_142621432.jpg,1306735,27.234317,-115.098183,4032,3024,2024:01:31 07:26:21,0232,Google,Pixel 6a,1, ,ok,3,
1463,/2024-01-31,PXL_20240131_142638376.jpg,1307667,27.234317,-115.098183,4032,3024,2024:01:31 07:26:38,0232,Google,Pixel 6a,1, ,ok,3,
1464,/2024-02-01,PXL_20240201_152736379.jpg,3024059,33.085761,-120.301775,3024,4032,2024:02:01 08:27:36,0232,Google,Pixel 6a,1, ,dup,2,
1465,/2024-02-01,PXL_20240201_152740674.jpg,2876464,33.085761,-120.301775,3024,4032,2024:02:01 08:27:40,0232,Google,Pixel 6a,1, ,dup,2,
1466,/2024-02-01,PXL_20240201_152744341.jpg,3274691,33.085761,-120.301775,3024,4032,2024:02:01 08:27:44,0232,Google,Pixel 6a,1, ,best,5,
1467,/2024-02-01,PXL_20240201_152752926.jpg,3053849,33.085761,-120.301775,3024,4032,2024:02:01 08:27:52,0232,Google,Pixel 6a,1, ,ok,3,
1468,/2024-02-01,PXL_20240201_152924578.jpg,1807699,33.091992,-120.307347,4032,3024,2024:02:01 08:29:24,0232,Google,Pixel 6a,1, ,ok,3,
1469,/2024-02-01,PXL_20240201_153049793.jpg,3661363,33.096422,-120.311772,4032,3024,2024:02:01 08:30:49,0232,Google,Pixel 6a,1, ,ok,3,
1470,/2024-02-01,PXL_20240201_153053212.jpg,3066763,33.096422,-120.311772,4032,3024,2024:02:01 08:30:53,0232,Google,Pixel 6a,1, ,good,4,
1471,/2024-02-01,PXL_20240201_171924498.jpg,1725474,37.806392,-122.400131,4032,3024,2024:02:01 10:19:24,0232,Google,Pixel 6a,1, ,ok,3,
1472,/2024-02-01,PXL_20240201_171940816.jpg,1720112,37.806392,-122.400131,4032,3024,2024:02:01 10:19:40,0232,Google,Pixel 6a,1, ,ok,3,
1473,/2024-02-01,PXL_20240201_173000943.jpg,1716740,37.806392,-122.400131,4032,3024,2024:02:01 10:30:00,0232,Google,Pixel 6a,1, ,ok,3,
1474,/2024-02-01,PXL_20240201_174017874.jpg,1539670,37.806392,-122.400131,4032,3024,2024:02:01 10:40:17,0232,Google,Pixel 6a,1, ,ok,3,
1475,/2024-02-01,PXL_20240201_174022519.jpg,1520502,37.806392,-122.400131,4032,3024,2024:02:01 10:40:22,0232,Google,Pixel 6a,1, ,ok,3,
1476,/2024-02-01,PXL_20240201_174606883.jpg,1777532,37.806392,-122.400131,4032,3024,2024:02:01 10:46:06,0232,Google,Pixel 6a,1, ,ok,3,
1477,/2024-02-01,PXL_20240201_174856673.jpg,1654263,33.096422,-120.311772,4032,3024,2024:02:01 10:48:56,0232,Google,Pixel 6a,1, ,good,4,
1478,/2024-02-01,PXL_20240201_174903087.jpg,1618305,37.806392,-122.400133,4032,3024,2024:02:01 10:49:03,0232,Google,Pixel 6a,1, ,ok,3,
1479,/2024-02-01,PXL_20240201_174932108.jpg,1745272,37.806392,-122.400133,4032,3024,2024:02:01 10:49:32,0232,Google,Pixel 6a,1, ,ok,3,
1480,/2024-02-01,PXL_20240201_174933603.jpg,1714605,33.096422,-120.311772,4032,3024,2024:02:01 10:49:33,0232,Google,Pixel 6a,1, ,good,4,
1481,/2024-02-01,PXL_20240201_174935931.jpg,1673832,37.806392,-122.400133,4032,3024,2024:02:01 10:49:35,0232,Google,Pixel 6a,1, ,ok,3,
1482,/2024-02-01,PXL_20240201_174948100.jpg,1725235,37.806392,-122.400133,4032,3024,2024:02:01 10:49:48,0232,Google,Pixel 6a,1, ,ok,3,
1483,/2024-02-01,PXL_20240201_174949730.jpg,1731202,37.806392,-122.400133,4032,3024,2024:02:01 10:49:49,0232,Google,Pixel 6a,1, ,ok,3,
1484,/2024-02-01,PXL_20240201_175159605.jpg,2305846,37.806392,-122.400131,4032,3024,2024:02:01 10:51:59,0232,Google,Pixel 6a,1, ,ok,3,
1485,/2024-02-01,PXL_20240201_175241807.jpg,1997828,37.806392,-122.400131,4032,3024,2024:02:01 10:52:41,0232,Google,Pixel 6a,1, ,ok,3,
1486,/2024-02-01,PXL_20240201_175251367.jpg,2301751,37.806392,-122.400131,4032,3024,2024:02:01 10:52:51,0232,Google,Pixel 6a,1, ,ok,3,
1487,/2024-02-01,PXL_20240201_175309198.jpg,1843561,37.806392,-122.400131,4032,3024,2024:02:01 10:53:09,0232,Google,Pixel 6a,1, ,ok,3,
1488,/2024-02-01,PXL_20240201_175406856.jpg,2323244,33.096422,-120.311772,4032,3024,2024:02:01 10:54:06,0232,Google,Pixel 6a,1, ,best,5,
1489,/2024-02-01,PXL_20240201_175410396.jpg,2303128,37.806392,-122.400131,4032,3024,2024:02:01 10:54:10,0232,Google,Pixel 6a,1, ,ok,3,
1490,/2024-02-01,PXL_20240202_002457602.jpg,3895754,0,0,3024,4032,2024:02:01 17:24:57,0232,Google,Pixel 6a,1, ,ok,3,
1491,/2024-02-01,PXL_20240202_043618730.jpg,3278857,37.806392,-122.400131,4032,3024,2024:02:01 21:36:18,0232,Google,Pixel 6a,1, ,ok,3,
1492,/2024-02-01,PXL_20240202_043619864.jpg,3184148,37.806392,-122.400131,4032,3024,2024:02:01 21:36:19,0232,Google,Pixel 6a,1, ,ok,3,
1493,/2024-02-01,PXL_20240202_043621315.jpg,3455722,37.806392,-122.400131,4032,3024,2024:02:01 21:36:21,0232,Google,Pixel 6a,1, ,ok,3,
1494,/2024-02-01,PXL_20240202_043622458.jpg,3487194,37.806392,-122.400131,4032,3024,2024:02:01 21:36:22,0232,Google,Pixel 6a,1, ,ok,3,
1495,/2024-02-01,PXL_20240202_043624453.jpg,3497677,37.806392,-122.400131,4032,3024,2024:02:01 21:36:24,0232,Google,Pixel 6a,1, ,ok,3,
1496,/2024-02-01,PXL_20240202_043627379.jpg,3436143,37.806392,-122.400131,4032,3024,2024:02:01 21:36:27,0232,Google,Pixel 6a,1, ,ok,3,
1497,/2024-02-01,PXL_20240202_043629408.jpg,3198864,37.806392,-122.400131,4032,3024,2024:02:01 21:36:29,0232,Google,Pixel 6a,1, ,ok,3,
1498,/2024-02-01,PXL_20240202_043648463.jpg,3182737,37.806392,-122.400131,4032,3024,2024:02:01 21:36:48,0232,Google,Pixel 6a,1, ,ok,3,
1499,/2024-02-01,PXL_20240202_043649425.jpg,3101328,37.806392,-122.400131,4032,3024,2024:02:01 21:36:49,0232,Google,Pixel 6a,1, ,ok,3,
1500,/2024-02-01,PXL_20240202_043710106.jpg,3048423,37.806392,-122.400131,4032,3024,2024:02:01 21:37:10,0232,Google,Pixel 6a,1, ,ok,3,
1501,/2024-02-01,PXL_20240202_043822064.jpg,2708892,37.806392,-122.400131,4032,3024,2024:02:01 21:38:22,0232,Google,Pixel 6a,1, ,ok,3,
1502,/2024-02-01,PXL_20240202_043823767.jpg,2523518,33.096422,-120.311772,4032,3024,2024:02:01 21:38:23,0232,Google,Pixel 6a,1, ,best,5,
1503,/2024-02-01,PXL_20240202_043827059.jpg,2429914,37.806392,-122.400131,4032,3024,2024:02:01 21:38:27,0232,Google,Pixel 6a,1, ,ok,3,
1504,/2024-02-01,PXL_20240202_043827949.jpg,2620810,37.806392,-122.400131,4032,3024,2024:02:01 21:38:27,0232,Google,Pixel 6a,1, ,ok,3,
1505,/2024-02-01,PXL_20240202_043828808.jpg,2416265,37.806392,-122.400131,4032,3024,2024:02:01 21:38:28,0232,Google,Pixel 6a,1, ,ok,3,
1506,/2024-02-01,PXL_20240202_043925954.jpg,2321610,37.806392,-122.400131,4032,3024,2024:02:01 21:39:25,0232,Google,Pixel 6a,1, ,ok,3,
1507,/2024-02-01,PXL_20240202_043927524.jpg,2325082,37.806392,-122.400131,4032,3024,2024:02:01 21:39:27,0232,Google,Pixel 6a,1, ,ok,3,
1508,/2024-02-02,PXL_20240202_135047319.NIGHT.jpg,2176902,37.81755,-122.469903,4032,3024,2024:02:02 05:50:47,0232,Google,Pixel 6a,1, ,best,5,
1509,/2024-02-02,PXL_20240202_135102652.jpg,2661794,37.817517,-122.469089,4032,3024,2024:02:02 05:51:02,0232,Google,Pixel 6a,1, ,dup,2,
1510,/2024-02-02,PXL_20240202_135137159.NIGHT.jpg,2258160,37.817517,-122.469089,4032,3024,2024:02:02 05:51:37,0232,Google,Pixel 6a,1, ,dup,2,
1511,/2024-02-02,PXL_20240202_135151985.NIGHT.jpg,2041316,37.817517,-122.469089,4032,3024,2024:02:02 05:51:51,0232,Google,Pixel 6a,1, ,ok,3,
1512,/2024-02-02,PXL_20240202_142957074.NIGHT.jpg,2578555,37.8057,-122.398939,4032,3024,2024:02:02 06:29:57,0232,Google,Pixel 6a,1, ,good,4,
1513,/2024-02-02,PXL_20240202_143012784.NIGHT.jpg,1458986,37.8057,-122.398939,4032,3024,2024:02:02 06:30:12,0232,Google,Pixel 6a,1, ,ok,3,
1514,/2024-02-02,PXL_20240202_143101785.NIGHT.jpg,2257723,37.8057,-122.398939,4032,3024,2024:02:02 06:31:01,0232,Google,Pixel 6a,1, ,dup,2,
1515,/2024-02-02,PXL_20240202_143111011.NIGHT.jpg,2294174,37.8057,-122.398939,4032,3024,2024:02:02 06:31:11,0232,Google,Pixel 6a,1, ,dup,2,
1516,/2024-02-02,PXL_20240202_143205488.NIGHT.jpg,1915650,37.804817,-122.401861,3024,4032,2024:02:02 06:32:05,0232,Google,Pixel 6a,1, ,dup,2,
1517,/2024-02-02,PXL_20240202_143530553.NIGHT.jpg,2379192,37.804497,-122.400478,3024,4032,2024:02:02 06:35:30,0232,Google,Pixel 6a,1, ,good,4,
1518,/2024-02-02,PXL_20240202_143557396.NIGHT.jpg,2329242,37.804497,-122.400478,4032,3024,2024:02:02 06:35:57,0232,Google,Pixel 6a,1, ,dup,2,
1519,/2024-02-02,PXL_20240202_143624085.NIGHT.jpg,2121339,37.804497,-122.400478,4032,3024,2024:02:02 06:36:24,0232,Google,Pixel 6a,1, ,good,4,
1520,/2024-02-02,PXL_20240202_143641538.NIGHT.jpg,2294732,37.804497,-122.400478,4032,3024,2024:02:02 06:36:41,0232,Google,Pixel 6a,1, ,good,4,
1521,/2024-02-02,PXL_20240202_143940310.NIGHT.jpg,2784394,37.803486,-122.403361,4032,3024,2024:02:02 06:39:40,0232,Google,Pixel 6a,1, ,dup,2,
1522,/2024-02-02,PXL_20240202_143950725.NIGHT.jpg,2565766,37.803486,-122.403361,4032,3024,2024:02:02 06:39:50,0232,Google,Pixel 6a,1, ,best,5,
