file_id,file_location,file_name,file_size,img_lat,img_lon,img_width,img_len,img_date_time,img_exif_ver,img_make,img_model,img_rotate,img_tags,img_status,rvw_lvl,notes,musiq_score,dup_photo,dup_target
1000,/2025-04-20_sf,PXL_20250420_210703125.jpg,4147382,37.804875,-122.401258,4080,3072,2025:04:20 14:07:03,0232,Google,Pixel 8 Pro,1, ,ok,3,,4.335,,F
1001,/2025-04-20_sf,PXL_20250421_031135263.jpg,3199001,37.791297,-122.391906,4080,3072,2025:04:20 20:11:35,0232,Google,Pixel 8 Pro,1, ,best,5,,4.253,,F
1002,/2025-04-21_at_sea,PXL_20250421_141042227.jpg,2722692,35.898978,-123.101236,4080,3072,2025:04:21 07:10:42,0232,Google,Pixel 8 Pro,1, ,dup,2,,5.083,2025-04-21_at_sea/PXL_20250421_143221547.jpg,F
1003,/2025-04-21_at_sea,PXL_20250421_141058303.jpg,2528619,35.898978,-123.101236,4080,3072,2025:04:21 07:10:58,0232,Google,Pixel 8 Pro,1, ,ok,3,,4.835,,T
1004,/2025-04-21_at_sea,PXL_20250421_141503995.jpg,2267210,35.887361,-123.100403,4080,3072,2025:04:21 07:15:03,0232,Google,Pixel 8 Pro,1, ,dup,2,,4.646,2025-04-21_at_sea/PXL_20250421_141058303.jpg,F
1005,/2025-04-21_at_sea,PXL_20250421_141546737.jpg,1823453,35.887361,-123.100403,4080,3072,2025:04:21 07:15:46,0232,Google,Pixel 8 Pro,1, ,dup,2,,4.663,2025-04-21_at_sea/PXL_20250421_143221547.jpg,F
1006,/2025-04-21_at_sea,PXL_20250421_141610526.jpg,1226494,35.88385,-123.100117,4080,3072,2025:04:21 07:16:10,0232,Google,Pixel 8 Pro,1, ,dup,2,,4.840,2025-04-21_at_sea/PXL_20250421_143221547.jpg,F
1007,/2025-04-21_at_sea,PXL_20250421_141615525.jpg,1809793,35.88385,-123.100117,4080,3072,2025:04:21 07:16:15,0232,Google,Pixel 8 Pro,1, ,dup,2,,4.972,2025-04-21_at_sea/PXL_20250421_143221547.jpg,F
1008,/2025-04-21_at_sea,PXL_20250421_141620743.jpg,1639120,35.88385,-123.100117,4080,3072,2025:04:21 07:16:20,0232,Google,Pixel 8 Pro,1, ,ok,3,,4.969,,F
1009,/2025-04-21_at_sea,PXL_20250421_141756562.jpg,3138711,35.879939,-123.099925,4080,3072,2025:04:21 07:17:56,0232,Google,Pixel 8 Pro,1, ,dup,2,,4.569,2025-04-21_at_sea/PXL_20250421_143221547.jpg,F
1010,/2025-04-21_at_sea,PXL_20250421_141803447.jpg,1267460,35.879939,-123.099925,4080,3072,2025:04:21 07:18:03,0232,Google,Pixel 8 Pro,1, ,dup,2,,5.017,2025-04-21_at_sea/PXL_20250421_143221547.jpg,F
1011,/2025-04-21_at_sea,PXL_20250421_141820939.jpg,1335336,35.879939,-123.099925,4080,3072,2025:04:21 07:18:20,0232,Google,Pixel 8 Pro,1, ,dup,2,,5.066,2025-04-21_at_sea/PXL_20250421_143221547.jpg,F
1012,/2025-04-21_at_sea,PXL_20250421_141913690.jpg,2444775,35.876158,-123.099786,4080,3072,2025:04:21 07:19:13,0232,Google,Pixel 8 Pro,1, ,dup,2,,4.916,2025-04-21_at_sea/PXL_20250421_143221547.jpg,F
1013,/2025-04-21_at_sea,PXL_20250421_141918898.jpg,2388580,35.876158,-123.099786,4080,3072,2025:04:21 07:19:18,0232,Google,Pixel 8 Pro,1, ,dup,2,,4.855,2025-04-21_at_sea/PXL_20250421_143221547.jpg,F
1014,/2025-04-21_at_sea,PXL_20250421_141944910.jpg,1778954,35.876158,-123.099786,4080,3072,2025:04:21 07:19:44,0232,Google,Pixel 8 Pro,1, ,dup,2,,5.280,2025-04-21_at_sea/PXL_20250421_143221547.jpg,F
1015,/2025-04-21_at_sea,PXL_20250421_142000491.jpg,1862943,35.876158,-123.099786,3072,4080,2025:04:21 07:20:00,0232,Google,Pixel 8 Pro,1, ,dup,2,,5.516,2025-04-21_at_sea/PXL_20250421_143221547.jpg,F
1016,/2025-04-21_at_sea,PXL_20250421_142004564.jpg,1558377,35.876158,-123.099786,3072,4080,2025:04:21 07:20:04,0232,Google,Pixel 8 Pro,1, ,dup,2,,5.374,2025-04-21_at_sea/PXL_20250421_143221547.jpg,F
1017,/2025-04-21_at_sea,PXL_20250421_142221201.jpg,1943672,35.86815,-123.099181,4080,3072,2025:04:21 07:22:21,0232,Google,Pixel 8 Pro,1, ,dup,2,,5.095,2025-04-21_at_sea/PXL_20250421_143221547.jpg,F
1018,/2025-04-21_at_sea,PXL_20250421_142231782.jpg,1537112,35.86815,-123.099181,4080,3072,2025:04:21 07:22:31,0232,Google,Pixel 8 Pro,1, ,dup,2,,4.909,2025-04-21_at_sea/PXL_20250421_143221547.jpg,F
1019,/2025-04-21_at_sea,PXL_20250421_142253614.jpg,1243013,35.86815,-123.099181,4080,3072,2025:04:21 07:22:53,0232,Google,Pixel 8 Pro,1, ,dup,2,,5.088,2025-04-21_at_sea/PXL_20250421_143221547.jpg,F
1020,/2025-04-21_at_sea,PXL_20250421_142807210.jpg,2293588,35.853569,-123.098883,4080,3072,2025:04:21 07:28:07,0232,Google,Pixel 8 Pro,1, ,dup,2,,5.208,2025-04-21_at_sea/PXL_20250421_143221547.jpg,F
1021,/2025-04-21_at_sea,PXL_20250421_142819452.jpg,1807788,35.853569,-123.098883,4080,3072,2025:04:21 07:28:19,0232,Google,Pixel 8 Pro,1, ,dup,2,,5.521,2025-04-21_at_sea/PXL_20250421_143221547.jpg,F
1022,/2025-04-21_at_sea,PXL_20250421_143010604.jpg,1629335,35.848169,-123.098492,4080,3072,2025:04:21 07:30:10,0232,Google,Pixel 8 Pro,1, ,dup,2,,5.256,2025-04-21_at_sea/PXL_20250421_143221547.jpg,F
1023,/2025-04-21_at_sea,PXL_20250421_143020957.jpg,1440418,35.848169,-123.098492,4080,3072,2025:04:21 07:30:20,0232,Google,Pixel 8 Pro,1, ,dup,2,,5.397,2025-04-21_at_sea/PXL_20250421_143221547.jpg,F
1024,/2025-04-21_at_sea,PXL_20250421_143130584.PANO.jpg,2176264,35.845319,-123.098261,4960,1613,2025:04:21 07:31:34,0,Google,Pixel 8 Pro,0, ,dup,2,,4.694,2025-04-21_at_sea/PXL_20250421_141058303.jpg,F
1025,/2025-04-21_at_sea,PXL_20250421_143221547.jpg,1896675,35.845319,-123.098261,4080,3072,2025:04:21 07:32:21,0232,Google,Pixel 8 Pro,1, ,best,5,,5.665,,T
1026,/2025-04-21_at_sea,PXL_20250421_143249472.jpg,1892145,35.841481,-123.097956,4080,3072,2025:04:21 07:32:49,0232,Google,Pixel 8 Pro,1, ,dup,2,,5.482,2025-04-21_at_sea/PXL_20250421_143221547.jpg,F
1027,/2025-04-21_at_sea,PXL_20250421_172851532.jpg,2411332,37.791111,-122.391956,3072,4080,2025:04:21 10:28:51,0232,Google,Pixel 8 Pro,1, ,dup,2,,4.067,2025-04-21_at_sea/PXL_20250421_172915711.jpg,F
1028,/2025-04-21_at_sea,PXL_20250421_172858720.jpg,2180427,37.791111,-122.391956,3072,4080,2025:04:21 10:28:58,0232,Google,Pixel 8 Pro,1, ,dup,2,,4.264,2025-04-21_at_sea/PXL_20250421_172915711.jpg,F
1029,/2025-04-21_at_sea,PXL_20250421_172910018.jpg,2190852,37.791111,-122.391956,4080,3072,2025:04:21 10:29:10,0232,Google,Pixel 8 Pro,1, ,dup,2,,4.157,2025-04-21_at_sea/PXL_20250421_172915711.jpg,F
1030,/2025-04-21_at_sea,PXL_20250421_172915711.jpg,2186056,37.791111,-122.391956,4080,3072,2025:04:21 10:29:15,0232,Google,Pixel 8 Pro,1, ,good,4,,4.405,,T
1031,/2025-04-21_at_sea,PXL_20250421_172921118.jpg,2255384,37.791111,-122.391956,4080,3072,2025:04:21 10:29:21,0232,Google,Pixel 8 Pro,1, ,dup,2,,4.273,2025-04-21_at_sea/PXL_20250421_172915711.jpg,F
1032,/2025-04-22_sb,PXL_20250422_133708994.jpg,2043295,34.394661,-119.683922,4080,3072,2025:04:22 06:37:08,0232,Google,Pixel 8 Pro,1, ,ok,3,,5.064,,T
1033,/2025-04-22_sb,PXL_20250422_133835326.jpg,1693778,34.394636,-119.683936,4080,3072,2025:04:22 06:38:35,0232,Google,Pixel 8 Pro,1, ,dup,2,,4.865,2025-04-22_sb/PXL_20250422_133708994.jpg,F
1034,/2025-04-22_sb,PXL_20250422_134222072.jpg,2197367,34.395361,-119.683458,4080,3072,2025:04:22 06:42:22,0232,Google,Pixel 8 Pro,1, ,ok,3,,5.331,,F
1035,/2025-04-22_sb,PXL_20250422_134227671.jpg,1593117,34.395361,-119.683458,4080,3072,2025:04:22 06:42:27,0232,Google,Pixel 8 Pro,1, ,dup,2,,4.914,2025-04-22_sb/PXL_20250422_133708994.jpg,F
1036,/2025-04-22_sb,PXL_20250422_145258006.jpg,1910870,34.39575,-119.680858,4080,3072,2025:04:22 07:52:58,0232,Google,Pixel 8 Pro,1, ,reject,0,,4.550,,F
1037,/2025-04-22_sb,PXL_20250422_152946371.jpg,1803455,34.406181,-119.696808,3072,4080,2025:04:22 08:29:46,0232,Google,Pixel 8 Pro,1, ,dup,2,,4.136,2025-04-22_sb/PXL_20250422_154134494.jpg,F
1038,/2025-04-22_sb,PXL_20250422_154134494.jpg,2699609,34.405028,-119.701153,3072,4080,2025:04:22 08:41:34,0232,Google,Pixel 8 Pro,1, ,reject,0,,4.372,,T
1039,/2025-04-22_sb,PXL_20250422_162755397.jpg,4559663,34.423853,-119.701853,3072,4080,2025:04:22 09:27:55,0232,Google,Pixel 8 Pro,1, ,dup,2,,4.398,2025-04-22_sb/PXL_20250422_163351357.jpg,F
1040,/2025-04-22_sb,PXL_20250422_162811287.jpg,4620930,34.423853,-119.701853,3072,4080,2025:04:22 09:28:11,0232,Google,Pixel 8 Pro,1, ,dup,2,,4.544,2025-04-22_sb/PXL_20250422_163351357.jpg,F
1041,/2025-04-22_sb,PXL_20250422_163002602.jpg,4010560,34.423942,-119.702436,3072,4080,2025:04:22 09:30:02,0232,Google,Pixel 8 Pro,1, ,dup,2,,4.366,2025-04-22_sb/PXL_20250422_163005348.jpg,F
1042,/2025-04-22_sb,PXL_20250422_163005348.jpg,3958801,34.423942,-119.702436,3072,4080,2025:04:22 09:30:05,0232,Google,Pixel 8 Pro,1, ,ok,3,,4.576,,T
1043,/2025-04-22_sb,PXL_20250422_163049883.jpg,2886811,34.424258,-119.702922,3072,4080,2025:04:22 09:30:49,0232,Google,Pixel 8 Pro,1, ,dup,2,,4.455,2025-04-22_sb/PXL_20250422_163351357.jpg,F
1044,/2025-04-22_sb,PXL_20250422_163100326.jpg,3187432,34.424258,-119.702922,3072,4080,2025:04:22 09:31:00,0232,Google,Pixel 8 Pro,1, ,dup,2,,4.645,2025-04-22_sb/PXL_20250422_163351357.jpg,F
1045,/2025-04-22_sb,PXL_20250422_163300884.jpg,2740700,34.424214,-119.702708,2736,3648,2025:04:22 09:33:00,0232,Google,Pixel 8 Pro,1, ,dup,2,,4.445,2025-04-22_sb/PXL_20250422_163351357.jpg,F
1046,/2025-04-22_sb,PXL_20250422_163306657.jpg,2636147,34.424214,-119.702708,2736,3648,2025:04:22 09:33:06,0232,Google,Pixel 8 Pro,1, ,dup,2,,4.690,2025-04-22_sb/PXL_20250422_163351357.jpg,F
1047,/2025-04-22_sb,PXL_20250422_163309196.jpg,2631714,34.424214,-119.702708,2736,3648,2025:04:22 09:33:09,0232,Google,Pixel 8 Pro,1, ,dup,2,,4.524,2025-04-22_sb/PXL_20250422_163351357.jpg,F
1048,/2025-04-22_sb,PXL_20250422_163327244.jpg,4091538,34.424214,-119.702708,3072,4080,2025:04:22 09:33:27,0232,Google,Pixel 8 Pro,1, ,dup,2,,4.962,2025-04-22_sb/PXL_20250422_163335726.jpg,F
1049,/2025-04-22_sb,PXL_20250422_163335726.jpg,3820449,34.424214,-119.702708,4080,3072,2025:04:22 09:33:35,0232,Google,Pixel 8 Pro,1, ,ok,3,,5.113,,T
1050,/2025-04-22_sb,PXL_20250422_163351357.jpg,3676028,34.424225,-119.702547,3072,4080,2025:04:22 09:33:51,0232,Google,Pixel 8 Pro,1, ,ok,3,,4.740,,T
1051,/2025-04-22_sb,PXL_20250422_163557684.jpg,4708106,34.424428,-119.702444,3072,4080,2025:04:22 09:35:57,0232,Google,Pixel 8 Pro,1, ,ok,3,,4.913,,T
1052,/2025-04-22_sb,PXL_20250422_163602513.jpg,4041105,34.424428,-119.702444,3072,4080,2025:04:22 09:36:02,0232,Google,Pixel 8 Pro,1, ,dup,2,,4.818,2025-04-22_sb/PXL_20250422_163557684.jpg,F
1053,/2025-04-22_sb,PXL_20250422_163606226.jpg,4551117,34.424428,-119.702444,3072,4080,2025:04:22 09:36:06,0232,Google,Pixel 8 Pro,1, ,dup,2,,4.772,2025-04-22_sb/PXL_20250422_163557684.jpg,F
1054,/2025-04-22_sb,PXL_20250422_163646377.PANO.jpg,6042744,34.424428,-119.702444,8636,1596,2025:04:22 09:36:54,0,Google,Pixel 8 Pro,0, ,dup,2,,4.570,2025-04-22_sb/PXL_20250422_163351357.jpg,F
1055,/2025-04-22_sb,PXL_20250422_174143144.jpg,3108347,34.422747,-119.752283,3072,4080,2025:04:22 10:41:43,0232,Google,Pixel 8 Pro,1, ,dup,2,,4.410,2025-04-22_sb/PXL_20250422_174300313.jpg,F
1056,/2025-04-22_sb,PXL_20250422_174300313.jpg,2105315,34.42255,-119.752264,3072,4080,2025:04:22 10:43:00,0232,Google,Pixel 8 Pro,1, ,reject,0,,4.921,,T
1057,/2025-04-22_sb,PXL_20250422_175230240.jpg,4291866,34.423561,-119.752178,4080,3072,2025:04:22 10:52:30,0232,Google,Pixel 8 Pro,1, ,reject,0,,4.580,,F
1058,/2025-04-22_sb,PXL_20250422_175509405.jpg,2517709,34.423514,-119.752297,4080,3072,2025:04:22 10:55:09,0232,Google,Pixel 8 Pro,1, ,dup,2,,4.023,2025-04-22_sb/PXL_20250422_192842244.jpg,F
1059,/2025-04-22_sb,PXL_20250422_192842244.jpg,4692495,34.415036,-119.690192,4080,3072,2025:04:22 12:28:42,0232,Google,Pixel 8 Pro,1, ,ok,3,,4.942,,T
1060,/2025-04-22_sb,PXL_20250422_192953806.PORTRAIT.jpg,3792738,34.415042,-119.6902,4080,3072,2025:04:22 12:29:53,0232,Google,Pixel 8 Pro,1, ,best,5,,5.201,,T
1061,/2025-04-22_sb,PXL_20250422_212030313.jpg,2519695,34.414061,-119.688908,3072,4080,2025:04:22 14:20:30,0232,Google,Pixel 8 Pro,1, ,dup,2,,4.395,2025-04-22_sb/PXL_20250422_221017882.jpg,F
1062,/2025-04-22_sb,PXL_20250422_212602645.PORTRAIT.jpg,4853017,34.414114,-119.688917,4080,3072,2025:04:22 14:26:02,0232,Google,Pixel 8 Pro,1, ,ok,3,,4.819,2025-04-22_sb/PXL_20250422_192953806.PORTRAIT.jpg,F
1063,/2025-04-22_sb,PXL_20250422_221017882.jpg,4276161,34.4141,-119.688908,4080,3072,2025:04:22 15:10:17,0232,Google,Pixel 8 Pro,1, ,good,4,,5.011,,T
1064,/2025-04-22_sb,PXL_20250422_222035263.jpg,2595614,34.424283,-119.691742,4080,3072,2025:04:22 15:20:35,0232,Google,Pixel 8 Pro,1, ,ok,3,,4.609,,T
1065,/2025-04-22_sb,PXL_20250422_222037698.jpg,2291473,34.411678,-119.689589,4080,3072,2025:04:22 15:20:37,0232,Google,Pixel 8 Pro,1, ,dup,2,,4.588,2025-04-22_sb/PXL_20250422_222035263.jpg,F
1066,/2025-04-22_sb,PXL_20250423_032359929.jpg,2958819,34.416414,-119.676761,4080,3072,2025:04:22 20:23:59,0232,Google,Pixel 8 Pro,1, ,dup,2,,4.749,2025-04-22_sb/PXL_20250423_032402063.jpg,F
1067,/2025-04-22_sb,PXL_20250423_032402063.jpg,2804604,34.416414,-119.676761,4080,3072,2025:04:22 20:24:02,0232,Google,Pixel 8 Pro,1, ,good,4,,4.971,,T
1068,/2025-04-23_la,PXL_20250423_141402964.jpg,2503533,33.744083,-118.280553,4080,3072,2025:04:23 07:14:02,0232,Google,Pixel 8 Pro,1, ,dup,2,,4.770,2025-04-23_la/PXL_20250423_184312471.jpg,F
1069,/2025-04-23_la,PXL_20250423_141409447.jpg,2064900,33.743819,-118.276294,3072,4080,2025:04:23 07:14:09,0232,Google,Pixel 8 Pro,1, ,ok,3,,4.352,,F
1070,/2025-04-23_la,PXL_20250423_141413805.jpg,2034190,33.743819,-118.276294,4080,3072,2025:04:23 07:14:13,0232,Google,Pixel 8 Pro,1, ,dup,2,,4.676,2025-04-23_la/PXL_20250423_165904986.jpg,F
1071,/2025-04-23_la,PXL_20250423_141426181.jpg,2555441,33.743819,-118.276294,3072,4080,2025:04:23 07:14:26,0232,Google,Pixel 8 Pro,1, ,dup,2,,4.574,2025-04-23_la/PXL_20250423_184312471.jpg,F
1072,/2025-04-23_la,PXL_20250423_141626334.jpg,3120830,33.743858,-118.276336,3072,4080,2025:04:23 07:16:26,0232,Google,Pixel 8 Pro,1, ,dup,2,,4.565,2025-04-23_la/PXL_20250423_184312471.jpg,F
1073,/2025-04-23_la,PXL_20250423_141632443.jpg,3013721,33.743858,-118.276336,3072,4080,2025:04:23 07:16:32,0232,Google,Pixel 8 Pro,1, ,dup,2,,4.509,2025-04-23_la/PXL_20250423_184312471.jpg,F
1074,/2025-04-23_la,PXL_20250423_161050074.jpg,1983590,33.852675,-118.284628,3072,4080,2025:04:23 09:10:50,0232,Google,Pixel 8 Pro,1, ,bad,1,,3.845,,F
1075,/2025-04-23_la,PXL_20250423_165432358.jpg,3142252,33.978436,-118.467992,4080,3072,2025:04:23 09:54:32,0232,Google,Pixel 8 Pro,1, ,ok,3,,5.170,,T
1076,/2025-04-23_la,PXL_20250423_165435390.jpg,2788290,33.978436,-118.467992,4080,3072,2025:04:23 09:54:35,0232,Google,Pixel 8 Pro,1, ,dup,2,,4.297,2025-04-23_la/PXL_20250423_165432358.jpg,F
1077,/2025-04-23_la,PXL_20250423_165438391.jpg,1030844,33.978436,-118.467992,4080,3072,2025:04:23 09:54:38,0232,Google,Pixel 8 Pro,1, ,bad,1,,4.854,,F
1078,/2025-04-23_la,PXL_20250423_165452759.jpg,3464512,33.978436,-118.467992,4080,3072,2025:04:23 09:54:52,0232,Google,Pixel 8 Pro,1, ,dup,2,,4.725,2025-04-23_la/PXL_20250423_165432358.jpg,F
1079,/2025-04-23_la,PXL_20250423_165455478.jpg,3387891,33.978436,-118.467992,4080,3072,2025:04:23 09:54:55,0232,Google,Pixel 8 Pro,1, ,dup,2,,5.128,2025-04-23_la/PXL_20250423_165432358.jpg,F
1080,/2025-04-23_la,PXL_20250423_165458767.jpg,3941600,33.978436,-118.467992,4080,3072,2025:04:23 09:54:58,0232,Google,Pixel 8 Pro,1, ,dup,2,,4.632,2025-04-23_la/PXL_20250423_165432358.jpg,F
1081,/2025-04-23_la,PXL_20250423_165904986.jpg,2566201,33.977864,-118.469003,4080,3072,2025:04:23 09:59:04,0232,Google,Pixel 8 Pro,1, ,good,4,,4.787,,T
1082,/2025-04-23_la,PXL_20250423_165906001.jpg,2716253,33.977864,-118.469003,4080,3072,2025:04:23 09:59:06,0232,Google,Pixel 8 Pro,1, ,dup,2,,4.470,2025-04-23_la/PXL_20250423_165904986.jpg,F
1083,/2025-04-23_la,PXL_20250423_165952519.jpg,2798100,33.977864,-118.469003,4080,3072,2025:04:23 09:59:52,0232,Google,Pixel 8 Pro,1, ,dup,2,,4.535,2025-04-23_la/PXL_20250423_165904986.jpg,F
1084,/2025-04-23_la,PXL_20250423_165953384.jpg,2934500,33.977864,-118.469003,4080,3072,2025:04:23 09:59:53,0232,Google,Pixel 8 Pro,1, ,dup,2,,4.447,2025-04-23_la/PXL_20250423_165904986.jpg,F
1085,/2025-04-23_la,PXL_20250423_170635090.jpg,3401259,33.976975,-118.470653,4080,3072,2025:04:23 10:06:35,0232,Google,Pixel 8 Pro,1, ,dup,2,,4.734,2025-04-23_la/PXL_20250423_184312471.jpg,F
1086,/2025-04-23_la,PXL_20250423_170645076.jpg,3465627,33.976975,-118.470653,3072,4080,2025:04:23 10:06:45,0232,Google,Pixel 8 Pro,1, ,ok,3,,4.712,,F
1087,/2025-04-23_la,PXL_20250423_170734021.PANO.jpg,3225737,33.976789,-118.470658,8820,1607,2025:04:23 10:07:42,0,Google,Pixel 8 Pro,0, ,dup,2,,4.582,2025-04-23_la/PXL_20250423_185011923.jpg,F
1088,/2025-04-23_la,PXL_20250423_170853013.jpg,2303467,33.976761,-118.470708,3648,2736,2025:04:23 10:08:53,0232,Google,Pixel 8 Pro,1, ,dup,2,,4.160,2025-04-23_la/PXL_20250423_192404610.jpg,F
1089,/2025-04-23_la,PXL_20250423_170858257.jpg,2202870,33.976761,-118.470708,3648,2736,2025:04:23 10:08:58,0232,Google,Pixel 8 Pro,1, ,dup,2,,4.082,2025-04-23_la/PXL_20250423_192404610.jpg,F
1090,/2025-04-23_la,PXL_20250423_171616958.jpg,3015000,33.977928,-118.468858,4080,3072,2025:04:23 10:16:16,0232,Google,Pixel 8 Pro,1, ,ok,3,,4.583,,T
1091,/2025-04-23_la,PXL_20250423_172746735.jpg,3615878,33.979436,-118.466092,4080,3072,2025:04:23 10:27:46,0232,Google,Pixel 8 Pro,1, ,dup,2,,4.206,2025-04-23_la/PXL_20250423_184312471.jpg,F
1092,/2025-04-23_la,PXL_20250423_172904875.jpg,3420738,33.979561,-118.465931,3072,4080,2025:04:23 10:29:04,0232,Google,Pixel 8 Pro,1, ,dup,2,,4.862,2025-04-23_la/PXL_20250423_184312471.jpg,F
1093,/2025-04-23_la,PXL_20250423_183001271.jpg,3504901,33.980392,-118.464842,3072,4080,2025:04:23 11:30:01,0232,Google,Pixel 8 Pro,1, ,dup,2,,4.688,2025-04-23_la/PXL_20250423_184312471.jpg,F
1094,/2025-04-23_la,PXL_20250423_183005106.jpg,4212608,33.980392,-118.464842,4080,3072,2025:04:23 11:30:05,0232,Google,Pixel 8 Pro,1, ,dup,2,,4.853,2025-04-23_la/PXL_20250423_184312471.jpg,F
1095,/2025-04-23_la,PXL_20250423_183301324.jpg,3446109,33.980931,-118.465572,4080,3072,2025:04:23 11:33:01,0232,Google,Pixel 8 Pro,1, ,dup,2,,4.948,2025-04-23_la/PXL_20250423_184312471.jpg,F
1096,/2025-04-23_la,PXL_20250423_183513204.jpg,4115262,33.981803,-118.466397,3072,4080,2025:04:23 11:35:13,0232,Google,Pixel 8 Pro,1, ,dup,2,,4.317,2025-04-23_la/PXL_20250423_184312471.jpg,F
1097,/2025-04-23_la,PXL_20250423_183717815.jpg,3221390,33.982256,-118.466769,4080,3072,2025:04:23 11:37:17,0232,Google,Pixel 8 Pro,1, ,dup,2,,5.098,2025-04-23_la/PXL_20250423_184312471.jpg,F
1098,/2025-04-23_la,PXL_20250423_184014307.jpg,3847973,33.982592,-118.467286,4080,3072,2025:04:23 11:40:14,0232,Google,Pixel 8 Pro,1, ,dup,2,,4.388,2025-04-23_la/PXL_20250423_184312471.jpg,F
1099,/2025-04-23_la,PXL_20250423_184027004.jpg,3667492,33.982592,-118.467286,3072,4080,2025:04:23 11:40:27,0232,Google,Pixel 8 Pro,1, ,dup,2,,4.215,2025-04-23_la/PXL_20250423_184312471.jpg,F
1100,/2025-04-23_la,PXL_20250423_184054589.jpg,4637633,33.982592,-118.467286,3072,4080,2025:04:23 11:40:54,0232,Google,Pixel 8 Pro,1, ,dup,2,,4.001,2025-04-23_la/PXL_20250423_184312471.jpg,F
1101,/2025-04-23_la,PXL_20250423_184113227.jpg,4215966,33.982592,-118.467286,3072,4080,2025:04:23 11:41:13,0232,Google,Pixel 8 Pro,1, ,dup,2,,4.253,2025-04-23_la/PXL_20250423_184312471.jpg,F
1102,/2025-04-23_la,PXL_20250423_184141042.jpg,2881381,33.982683,-118.467219,4080,3072,2025:04:23 11:41:41,0232,Google,Pixel 8 Pro,1, ,dup,2,,4.961,2025-04-23_la/PXL_20250423_184312471.jpg,F
1103,/2025-04-23_la,PXL_20250423_184200546.jpg,3150845,33.982683,-118.467219,4080,3072,2025:04:23 11:42:00,0232,Google,Pixel 8 Pro,1, ,dup,2,,4.173,2025-04-23_la/PXL_20250423_184312471.jpg,F
1104,/2025-04-23_la,PXL_20250423_184208558.jpg,3120635,33.982683,-118.467219,3072,4080,2025:04:23 11:42:08,0232,Google,Pixel 8 Pro,1, ,bad,1,,3.990,,F
1105,/2025-04-23_la,PXL_20250423_184213951.jpg,3275047,33.982683,-118.467219,3072,4080,2025:04:23 11:42:13,0232,Google,Pixel 8 Pro,1, ,bad,1,,3.842,,F
1106,/2025-04-23_la,PXL_20250423_184217671.jpg,3450631,33.982683,-118.467219,3072,4080,2025:04:23 11:42:17,0232,Google,Pixel 8 Pro,1, ,dup,2,,4.054,2025-04-23_la/PXL_20250423_184312471.jpg,F
1107,/2025-04-23_la,PXL_20250423_184312471.jpg,2742099,33.983339,-118.467744,4080,3072,2025:04:23 11:43:12,0232,Google,Pixel 8 Pro,1, ,good,4,,5.395,,T
1108,/2025-04-23_la,PXL_20250423_184510642.jpg,4309581,33.983878,-118.468197,4080,3072,2025:04:23 11:45:10,0232,Google,Pixel 8 Pro,1, ,dup,2,,4.791,2025-04-23_la/PXL_20250423_184312471.jpg,F
1109,/2025-04-23_la,PXL_20250423_184523509.jpg,4489801,33.983878,-118.468197,4080,3072,2025:04:23 11:45:23,0232,Google,Pixel 8 Pro,1, ,dup,2,,4.593,2025-04-23_la/PXL_20250423_184312471.jpg,F
1110,/2025-04-23_la,PXL_20250423_184552767.jpg,4215585,33.983878,-118.468197,4080,3072,2025:04:23 11:45:52,0232,Google,Pixel 8 Pro,1, ,dup,2,,4.554,2025-04-23_la/PXL_20250423_184312471.jpg,F
1111,/2025-04-23_la,PXL_20250423_184600298.jpg,4282646,33.983878,-118.468197,4080,3072,2025:04:23 11:46:00,0232,Google,Pixel 8 Pro,1, ,dup,2,,4.461,2025-04-23_la/PXL_20250423_184312471.jpg,F
1112,/2025-04-23_la,PXL_20250423_184603423.jpg,3987189,33.983878,-118.468197,4080,3072,2025:04:23 11:46:03,0232,Google,Pixel 8 Pro,1, ,dup,2,,4.756,2025-04-23_la/PXL_20250423_184312471.jpg,F
1113,/2025-04-23_la,PXL_20250423_184649182.jpg,3924654,33.983861,-118.468172,4080,3072,2025:04:23 11:46:49,0232,Google,Pixel 8 Pro,1, ,dup,2,,4.728,2025-04-23_la/PXL_20250423_184312471.jpg,F
1114,/2025-04-23_la,PXL_20250423_184830159.jpg,2959335,33.9844,-118.468569,4080,3072,2025:04:23 11:48:30,0232,Google,Pixel 8 Pro,1, ,dup,2,,5.040,2025-04-23_la/PXL_20250423_184312471.jpg,F
1115,/2025-04-23_la,PXL_20250423_185008505.jpg,2894628,33.984775,-118.468808,3072,4080,2025:04:23 11:50:08,0232,Google,Pixel 8 Pro,1, ,dup,2,,4.230,2025-04-23_la/PXL_20250423_185011923.jpg,F
1116,/2025-04-23_la,PXL_20250423_185011923.jpg,2884310,33.984775,-118.468808,4080,3072,2025:04:23 11:50:11,0232,Google,Pixel 8 Pro,1, ,ok,3,,4.609,,T
1117,/2025-04-23_la,PXL_20250423_190530152.jpg,2844075,33.984697,-118.469978,3072,4080,2025:04:23 12:05:30,0232,Google,Pixel 8 Pro,1, ,ok,3,,4.244,,F
1118,/2025-04-23_la,PXL_20250423_190801782.jpg,2053085,33.984392,-118.471442,4080,3072,2025:04:23 12:08:01,0232,Google,Pixel 8 Pro,1, ,ok,3,,4.980,,F
1119,/2025-04-23_la,PXL_20250423_190928815.jpg,3149060,33.984353,-118.471383,3072,4080,2025:04:23 12:09:28,0232,Google,Pixel 8 Pro,1, ,dup,2,,4.488,2025-04-23_la/PXL_20250423_194016968.jpg,F
1120,/2025-04-23_la,PXL_20250423_190930087.jpg,2965258,33.984353,-118.471383,3072,4080,2025:04:23 12:09:30,0232,Google,Pixel 8 Pro,1, ,dup,2,,4.512,2025-04-23_la/PXL_20250423_194016968.jpg,F
1121,/2025-04-23_la,PXL_20250423_190939200.jpg,3006937,33.984353,-118.471383,3072,4080,2025:04:23 12:09:39,0232,Google,Pixel 8 Pro,1, ,dup,2,,4.525,2025-04-23_la/PXL_20250423_194016968.jpg,F
1122,/2025-04-23_la,PXL_20250423_191011344.jpg,4575834,33.984353,-118.471383,3072,4080,2025:04:23 12:10:11,0232,Google,Pixel 8 Pro,1, ,dup,2,,4.252,2025-04-23_la/PXL_20250423_194016968.jpg,F
1123,/2025-04-23_la,PXL_20250423_191346110.jpg,3356925,33.985486,-118.472225,4080,3072,2025:04:23 12:13:46,0232,Google,Pixel 8 Pro,1, ,dup,2,,4.724,2025-04-23_la/PXL_20250423_194016968.jpg,F
1124,/2025-04-23_la,PXL_20250423_191524480.jpg,3113444,33.985697,-118.472644,4080,3072,2025:04:23 12:15:24,0232,Google,Pixel 8 Pro,1, ,dup,2,,4.510,2025-04-23_la/PXL_20250423_184312471.jpg,F
1125,/2025-04-23_la,PXL_20250423_191625500.jpg,3749720,33.985697,-118.472644,3072,4080,2025:04:23 12:16:25,0232,Google,Pixel 8 Pro,1, ,dup,2,,4.569,2025-04-23_la/PXL_20250423_192404610.jpg,F
1126,/2025-04-23_la,PXL_20250423_192402300.jpg,3372135,33.987319,-118.473072,3072,4080,2025:04:23 12:24:02,0232,Google,Pixel 8 Pro,1, ,dup,2,,4.708,2025-04-23_la/PXL_20250423_192404610.jpg,F
1127,/2025-04-23_la,PXL_20250423_192403443.jpg,2953190,33.986414,-118.473144,3072,4080,2025:04:23 12:24:03,0232,Google,Pixel 8 Pro,1, ,dup,2,,4.378,2025-04-23_la/PXL_20250423_192404610.jpg,F
1128,/2025-04-23_la,PXL_20250423_192404610.jpg,3020004,33.986414,-118.473144,3072,4080,2025:04:23 12:24:04,0232,Google,Pixel 8 Pro,1, ,ok,3,,4.783,,T
1129,/2025-04-23_la,PXL_20250423_192408783.jpg,4165802,33.986414,-118.473144,3072,4080,2025:04:23 12:24:08,0232,Google,Pixel 8 Pro,1, ,best,5,,4.450,2025-04-23_la/PXL_20250423_194016968.jpg,F
1130,/2025-04-23_la,PXL_20250423_193831543.jpg,2556307,33.987319,-118.473072,3072,4080,2025:04:23 12:38:31,0232,Google,Pixel 8 Pro,1, ,ok,3,,4.346,,F
1131,/2025-04-23_la,PXL_20250423_194016968.jpg,2881271,33.986772,-118.474769,4080,3072,2025:04:23 12:40:16,0232,Google,Pixel 8 Pro,1, ,ok,3,,4.848,,T
1132,/2025-04-23_la,PXL_20250423_194037015.jpg,2094851,33.986772,-118.474769,3072,4080,2025:04:23 12:40:37,0232,Google,Pixel 8 Pro,1, ,dup,2,,4.476,2025-04-23_la/PXL_20250423_194016968.jpg,F
1133,/2025-04-23_la,PXL_20250423_194105219.jpg,2500938,33.986772,-118.474769,3072,4080,2025:04:23 12:41:05,0232,Google,Pixel 8 Pro,1, ,dup,2,,4.755,2025-04-23_la/PXL_20250423_194016968.jpg,F
1134,/2025-04-23_la,PXL_20250423_194109195.jpg,3120480,33.986772,-118.474769,3072,4080,2025:04:23 12:41:09,0232,Google,Pixel 8 Pro,1, ,dup,2,,4.660,2025-04-23_la/PXL_20250423_194016968.jpg,F
1135,/2025-04-23_la,PXL_20250423_200318608.jpg,1800609,33.987233,-118.472908,3072,4080,2025:04:23 13:03:18,0232,Google,Pixel 8 Pro,1, ,ok,3,,4.736,,T
1136,/2025-04-23_la,PXL_20250423_201813298.jpg,3128818,33.986953,-118.473636,3072,4080,2025:04:23 13:18:13,0232,Google,Pixel 8 Pro,1, ,dup,2,,4.197,2025-04-23_la/PXL_20250423_171616958.jpg,F
1137,/2025-04-23_la,PXL_20250423_202644326.jpg,2605367,33.987308,-118.473517,3072,4080,2025:04:23 13:26:44,0232,Google,Pixel 8 Pro,1, ,dup,2,,4.522,2025-04-23_la/PXL_20250423_200318608.jpg,F
1138,/2025-04-23_la,PXL_20250423_202646961.jpg,2727709,33.987308,-118.473517,3072,4080,2025:04:23 13:26:46,0232,Google,Pixel 8 Pro,1, ,dup,2,,4.606,2025-04-23_la/PXL_20250423_200318608.jpg,F
1139,/2025-04-23_la,PXL_20250423_203906823.jpg,1679936,33.988322,-118.474169,3072,4080,2025:04:23 13:39:06,0232,Google,Pixel 8 Pro,1, ,reject,0,,4.741,,F
1140,/2025-04-23_la,PXL_20250424_031711229.jpg,3030514,0,0,4080,3072,2025:04:23 20:17:11,0232,Google,Pixel 8 Pro,1, ,ok,3,,4.409,,F
1141,/2025-04-24_sd,PXL_20250424_133049196.jpg,1699987,32.706117,-117.227667,4080,3072,2025:04:24 06:30:49,0232,Google,Pixel 8 Pro,1, ,dup,2,,4.399,2025-04-24_sd/PXL_20250424_134232456.jpg,F
1142,/2025-04-24_sd,PXL_20250424_133053673.jpg,1394720,32.706117,-117.227667,4080,3072,2025:04:24 06:30:53,0232,Google,Pixel 8 Pro,1, ,dup,2,,4.544,2025-04-24_sd/PXL_20250424_133108376.jpg,F
1143,/2025-04-24_sd,PXL_20250424_133108376.jpg,1229349,32.706117,-117.227667,4080,3072,2025:04:24 06:31:08,0232,Google,Pixel 8 Pro,1, ,reject,0,,4.719,,T
1144,/2025-04-24_sd,PXL_20250424_133127461.jpg,1850726,32.706117,-117.227667,4080,3072,2025:04:24 06:31:27,0232,Google,Pixel 8 Pro,1, ,dup,2,,4.522,2025-04-24_sd/PXL_20250424_134232456.jpg,F
1145,/2025-04-24_sd,PXL_20250424_133208604.jpg,2263642,32.709331,-117.224794,4080,3072,2025:04:24 06:32:08,0232,Google,Pixel 8 Pro,1, ,bad,1,,3.446,,F
1146,/2025-04-24_sd,PXL_20250424_133321648.jpg,2073755,32.71175,-117.221519,4080,3072,2025:04:24 06:33:21,0232,Google,Pixel 8 Pro,1, ,dup,2,,4.506,2025-04-24_sd/PXL_20250424_134232456.jpg,F
1147,/2025-04-24_sd,PXL_20250424_133325481.jpg,2085918,32.71175,-117.221519,4080,3072,2025:04:24 06:33:25,0232,Google,Pixel 8 Pro,1, ,reject,0,,4.680,,F
1148,/2025-04-24_sd,PXL_20250424_133403409.jpg,1532825,32.71175,-117.221519,4080,3072,2025:04:24 06:34:03,0232,Google,Pixel 8 Pro,1, ,reject,0,,4.213,,F
1149,/2025-04-24_sd,PXL_20250424_133415056.jpg,1613671,32.71175,-117.221519,4080,3072,2025:04:24 06:34:15,0232,Google,Pixel 8 Pro,1, ,dup,2,,4.359,2025-04-24_sd/PXL_20250424_134232456.jpg,F
1150,/2025-04-24_sd,PXL_20250424_133419878.jpg,1798805,32.71175,-117.221519,4080,3072,2025:04:24 06:34:19,0232,Google,Pixel 8 Pro,1, ,dup,2,,4.567,2025-04-24_sd/PXL_20250424_134232456.jpg,F
1151,/2025-04-24_sd,PXL_20250424_133423129.jpg,1969304,32.71175,-117.221519,4080,3072,2025:04:24 06:34:23,0232,Google,Pixel 8 Pro,1, ,dup,2,,4.479,2025-04-24_sd/PXL_20250424_134232456.jpg,F
1152,/2025-04-24_sd,PXL_20250424_133427798.jpg,1917120,32.71175,-117.221519,3072,4080,2025:04:24 06:34:27,0232,Google,Pixel 8 Pro,1, ,dup,2,,4.395,2025-04-24_sd/PXL_20250424_134232456.jpg,F
1153,/2025-04-24_sd,PXL_20250424_133429696.jpg,2004618,32.71175,-117.221519,3072,4080,2025:04:24 06:34:29,0232,Google,Pixel 8 Pro,1, ,dup,2,,4.251,2025-04-24_sd/PXL_20250424_134232456.jpg,F
1154,/2025-04-24_sd,PXL_20250424_133438114.jpg,1770860,32.71175,-117.221519,4080,3072,2025:04:24 06:34:38,0232,Google,Pixel 8 Pro,1, ,dup,2,,4.525,2025-04-24_sd/PXL_20250424_134232456.jpg,F
1155,/2025-04-24_sd,PXL_20250424_134201077.jpg,3605657,32.717003,-117.198675,4080,3072,2025:04:24 06:42:01,0232,Google,Pixel 8 Pro,1, ,dup,2,,4.189,2025-04-24_sd/PXL_20250424_134232456.jpg,F
1156,/2025-04-24_sd,PXL_20250424_134232456.jpg,2247490,32.717003,-117.198675,4080,3072,2025:04:24 06:42:32,0232,Google,Pixel 8 Pro,1, ,reject,0,,4.876,,T
1157,/2025-04-24_sd,PXL_20250424_134239290.jpg,2206381,32.717003,-117.198675,4080,3072,2025:04:24 06:42:39,0232,Google,Pixel 8 Pro,1, ,good,4,,4.924,2025-04-24_sd/PXL_20250424_233708505.jpg,F
1158,/2025-04-24_sd,PXL_20250424_134255413.jpg,2228206,32.717003,-117.198675,4080,3072,2025:04:24 06:42:55,0232,Google,Pixel 8 Pro,1, ,dup,2,,4.442,2025-04-24_sd/PXL_20250424_134232456.jpg,F
1159,/2025-04-24_sd,PXL_20250424_134605085.jpg,2309721,32.717086,-117.190253,4080,3072,2025:04:24 06:46:05,0232,Google,Pixel 8 Pro,1, ,dup,2,,4.539,2025-04-24_sd/PXL_20250424_134232456.jpg,F
1160,/2025-04-24_sd,PXL_20250424_135631026.jpg,2488739,32.714361,-117.175117,4080,3072,2025:04:24 06:56:31,0232,Google,Pixel 8 Pro,1, ,dup,2,,4.579,2025-04-24_sd/PXL_20250424_134232456.jpg,F
1161,/2025-04-24_sd,PXL_20250424_135645367.jpg,2864142,32.714361,-117.175117,4080,3072,2025:04:24 06:56:45,0232,Google,Pixel 8 Pro,1, ,dup,2,,4.598,2025-04-24_sd/PXL_20250424_233708505.jpg,F
1162,/2025-04-24_sd,PXL_20250424_135650232.jpg,2533713,32.714361,-117.175117,4080,3072,2025:04:24 06:56:50,0232,Google,Pixel 8 Pro,1, ,dup,2,,4.452,2025-04-24_sd/PXL_20250424_233708505.jpg,F
1163,/2025-04-24_sd,PXL_20250424_155324050.jpg,3722644,32.735356,-117.148592,4080,3072,2025:04:24 08:53:24,0232,Google,Pixel 8 Pro,1, ,dup,2,,4.371,2025-04-24_sd/PXL_20250424_193147341.jpg,F
1164,/2025-04-24_sd,PXL_20250424_162156476.jpg,6383231,32.735794,-117.149767,4080,3072,2025:04:24 09:21:56,0232,Google,Pixel 8 Pro,1, ,reject,0,,4.592,,F
1165,/2025-04-24_sd,PXL_20250424_162422790.jpg,3201385,32.735756,-117.149736,3648,2736,2025:04:24 09:24:22,0232,Google,Pixel 8 Pro,1, ,dup,2,,4.291,2025-04-24_sd/PXL_20250424_165423367.jpg,F
1166,/2025-04-24_sd,PXL_20250424_162433151.jpg,2823266,32.735756,-117.149736,4080,3072,2025:04:24 09:24:33,0232,Google,Pixel 8 Pro,1, ,reject,0,,4.715,,T
1167,/2025-04-24_sd,PXL_20250424_162441654.jpg,3472846,32.735756,-117.149736,4080,3072,2025:04:24 09:24:41,0232,Google,Pixel 8 Pro,1, ,dup,2,,4.296,2025-04-24_sd/PXL_20250424_165423367.jpg,F
1168,/2025-04-24_sd,PXL_20250424_162444745.jpg,3667650,32.735756,-117.149736,4080,3072,2025:04:24 09:24:44,0232,Google,Pixel 8 Pro,1, ,dup,2,,4.245,2025-04-24_sd/PXL_20250424_165423367.jpg,F
1169,/2025-04-24_sd,PXL_20250424_162450017.jpg,2634636,32.735756,-117.149736,4080,3072,2025:04:24 09:24:50,0232,Google,Pixel 8 Pro,1, ,ok,3,,4.694,2025-04-24_sd/PXL_20250424_162433151.jpg,F
1170,/2025-04-24_sd,PXL_20250424_163225700.jpg,5291876,32.735097,-117.149608,4080,3072,2025:04:24 09:32:25,0232,Google,Pixel 8 Pro,1, ,dup,2,,4.629,2025-04-24_sd/PXL_20250424_165423367.jpg,F
1171,/2025-04-24_sd,PXL_20250424_163451382.jpg,4279545,32.734047,-117.15095,4080,3072,2025:04:24 09:34:51,0232,Google,Pixel 8 Pro,1, ,dup,2,,4.225,2025-04-24_sd/PXL_20250424_194205123.jpg,F
1172,/2025-04-24_sd,PXL_20250424_163654787.jpg,3081101,32.733689,-117.151944,4080,3072,2025:04:24 09:36:54,0232,Google,Pixel 8 Pro,1, ,dup,2,,4.109,2025-04-24_sd/PXL_20250424_165423367.jpg,F
1173,/2025-04-24_sd,PXL_20250424_163709329.jpg,4370688,32.733689,-117.151944,4080,3072,2025:04:24 09:37:09,0232,Google,Pixel 8 Pro,1, ,dup,2,,4.308,2025-04-24_sd/PXL_20250424_165423367.jpg,F
1174,/2025-04-24_sd,PXL_20250424_163839855.jpg,3901763,32.733739,-117.153253,4080,3072,2025:04:24 09:38:39,0232,Google,Pixel 8 Pro,1, ,dup,2,,4.102,2025-04-24_sd/PXL_20250424_163841211.jpg,F
1175,/2025-04-24_sd,PXL_20250424_163841211.jpg,4098823,32.733739,-117.153253,4080,3072,2025:04:24 09:38:41,0232,Google,Pixel 8 Pro,1, ,reject,0,,4.144,,T
1176,/2025-04-24_sd,PXL_20250424_163851430.jpg,4690899,32.733739,-117.153253,4080,3072,2025:04:24 09:38:51,0232,Google,Pixel 8 Pro,1, ,dup,2,,4.139,2025-04-24_sd/PXL_20250424_165423367.jpg,F
1177,/2025-04-24_sd,PXL_20250424_164048878.jpg,2799376,32.733806,-117.153661,4080,3072,2025:04:24 09:40:48,0232,Google,Pixel 8 Pro,1, ,bad,1,,3.879,,F
1178,/2025-04-24_sd,PXL_20250424_164321059.jpg,3042526,32.733786,-117.154925,4080,3072,2025:04:24 09:43:21,0232,Google,Pixel 8 Pro,1, ,dup,2,,4.152,2025-04-24_sd/PXL_20250424_165423367.jpg,F
1179,/2025-04-24_sd,PXL_20250424_164343013.jpg,4471751,32.733786,-117.154925,4080,3072,2025:04:24 09:43:43,0232,Google,Pixel 8 Pro,1, ,dup,2,,4.312,2025-04-24_sd/PXL_20250424_165423367.jpg,F
1180,/2025-04-24_sd,PXL_20250424_164436554.jpg,4326295,32.733786,-117.154925,4080,3072,2025:04:24 09:44:36,0232,Google,Pixel 8 Pro,1, ,dup,2,,4.427,2025-04-24_sd/PXL_20250424_165423367.jpg,F
1181,/2025-04-24_sd,PXL_20250424_164658227.jpg,4284637,32.734408,-117.154364,4080,3072,2025:04:24 09:46:58,0232,Google,Pixel 8 Pro,1, ,dup,2,,4.675,2025-04-24_sd/PXL_20250424_185830185.jpg,F
1182,/2025-04-24_sd,PXL_20250424_164702722.jpg,4508345,32.734408,-117.154364,4080,3072,2025:04:24 09:47:02,0232,Google,Pixel 8 Pro,1, ,dup,2,,4.836,2025-04-24_sd/PXL_20250424_185830185.jpg,F
1183,/2025-04-24_sd,PXL_20250424_164913523.jpg,3388409,32.735633,-117.153111,4080,3072,2025:04:24 09:49:13,0232,Google,Pixel 8 Pro,1, ,dup,2,,4.099,2025-04-24_sd/PXL_20250424_165423367.jpg,F
1184,/2025-04-24_sd,PXL_20250424_164924052.jpg,4087400,32.735633,-117.153111,4080,3072,2025:04:24 09:49:24,0232,Google,Pixel 8 Pro,1, ,dup,2,,4.314,2025-04-24_sd/PXL_20250424_185830185.jpg,F
1185,/2025-04-24_sd,PXL_20250424_165145617.jpg,4050595,32.736133,-117.153344,4080,3072,2025:04:24 09:51:45,0232,Google,Pixel 8 Pro,1, ,bad,1,,3.990,,F
1186,/2025-04-24_sd,PXL_20250424_165147580.jpg,4153708,32.736133,-117.153344,4080,3072,2025:04:24 09:51:47,0232,Google,Pixel 8 Pro,1, ,dup,2,,4.141,2025-04-24_sd/PXL_20250424_184806983.jpg,F
1187,/2025-04-24_sd,PXL_20250424_165148449.jpg,4102004,32.736133,-117.153344,4080,3072,2025:04:24 09:51:48,0232,Google,Pixel 8 Pro,1, ,reject,0,,4.109,,F
1188,/2025-04-24_sd,PXL_20250424_165423367.jpg,6527722,32.737647,-117.153403,4080,3072,2025:04:24 09:54:23,0232,Google,Pixel 8 Pro,1, ,reject,0,,4.754,,T
1189,/2025-04-24_sd,PXL_20250424_165429039.jpg,5559219,32.737647,-117.153403,4080,3072,2025:04:24 09:54:29,0232,Google,Pixel 8 Pro,1, ,dup,2,,4.430,2025-04-24_sd/PXL_20250424_165423367.jpg,F
1190,/2025-04-24_sd,PXL_20250424_165443365.jpg,5361046,32.737647,-117.153403,4080,3072,2025:04:24 09:54:43,0232,Google,Pixel 8 Pro,1, ,dup,2,,4.455,2025-04-24_sd/PXL_20250424_193147341.jpg,F
1191,/2025-04-24_sd,PXL_20250424_165500699.jpg,5146811,32.737647,-117.153403,4080,3072,2025:04:24 09:55:00,0232,Google,Pixel 8 Pro,1, ,dup,2,,4.403,2025-04-24_sd/PXL_20250424_193147341.jpg,F
1192,/2025-04-24_sd,PXL_20250424_165519617.jpg,5007512,32.738353,-117.153097,4080,3072,2025:04:24 09:55:19,0232,Google,Pixel 8 Pro,1, ,dup,2,,4.309,2025-04-24_sd/PXL_20250424_193147341.jpg,F
1193,/2025-04-24_sd,PXL_20250424_165604622.jpg,5058890,32.738353,-117.153097,4080,3072,2025:04:24 09:56:04,0232,Google,Pixel 8 Pro,1, ,dup,2,,4.172,2025-04-24_sd/PXL_20250424_165423367.jpg,F
1194,/2025-04-24_sd,PXL_20250424_165608230.jpg,2982792,32.738353,-117.153097,4080,3072,2025:04:24 09:56:08,0232,Google,Pixel 8 Pro,1, ,dup,2,,4.162,2025-04-24_sd/PXL_20250424_193147341.jpg,F
1195,/2025-04-24_sd,PXL_20250424_165714020.jpg,3028418,32.738642,-117.152089,4080,3072,2025:04:24 09:57:14,0232,Google,Pixel 8 Pro,1, ,dup,2,,4.107,2025-04-24_sd/PXL_20250424_165423367.jpg,F
1196,/2025-04-24_sd,PXL_20250424_165723718.jpg,3337276,32.738642,-117.152089,4080,3072,2025:04:24 09:57:23,0232,Google,Pixel 8 Pro,1, ,dup,2,,4.208,2025-04-24_sd/PXL_20250424_191229758.jpg,F
1197,/2025-04-24_sd,PXL_20250424_165824333.jpg,5366367,32.739286,-117.151197,4080,3072,2025:04:24 09:58:24,0232,Google,Pixel 8 Pro,1, ,dup,2,,4.146,2025-04-24_sd/PXL_20250424_165423367.jpg,F
1198,/2025-04-24_sd,PXL_20250424_165842243.jpg,5387696,32.739286,-117.151197,4080,3072,2025:04:24 09:58:42,0232,Google,Pixel 8 Pro,1, ,bad,1,,3.958,,F
1199,/2025-04-24_sd,PXL_20250424_165940237.jpg,6183988,32.739286,-117.151214,4080,3072,2025:04:24 09:59:40,0232,Google,Pixel 8 Pro,1, ,dup,2,,4.134,2025-04-24_sd/PXL_20250424_165423367.jpg,F
1200,/2025-04-24_sd,PXL_20250424_170044603.jpg,4601165,32.739386,-117.150472,4080,3072,2025:04:24 10:00:44,0232,Google,Pixel 8 Pro,1, ,dup,2,,4.077,2025-04-24_sd/PXL_20250424_185830185.jpg,F
1201,/2025-04-24_sd,PXL_20250424_173257012.jpg,5388570,32.734647,-117.151328,3072,4080,2025:04:24 10:32:57,0232,Google,Pixel 8 Pro,1, ,dup,2,,4.225,2025-04-24_sd/PXL_20250424_193147341.jpg,F
1202,/2025-04-24_sd,PXL_20250424_173304066.jpg,2469978,32.734647,-117.151328,3072,4080,2025:04:24 10:33:04,0232,Google,Pixel 8 Pro,1, ,good,4,,4.168,2025-04-24_sd/PXL_20250424_193147341.jpg,F
1203,/2025-04-24_sd,PXL_20250424_173308475.jpg,2544292,32.734647,-117.151328,3072,4080,2025:04:24 10:33:08,0232,Google,Pixel 8 Pro,1, ,bad,1,,3.934,,F
1204,/2025-04-24_sd,PXL_20250424_173318957.jpg,2954908,32.734647,-117.151328,3072,4080,2025:04:24 10:33:18,0232,Google,Pixel 8 Pro,1, ,dup,2,,4.063,2025-04-24_sd/PXL_20250424_193147341.jpg,F
1205,/2025-04-24_sd,PXL_20250424_173513399.jpg,4779694,32.734553,-117.151483,3072,4080,2025:04:24 10:35:13,0232,Google,Pixel 8 Pro,1, ,dup,2,,4.355,2025-04-24_sd/PXL_20250424_193147341.jpg,F
1206,/2025-04-24_sd,PXL_20250424_173625794.jpg,4964950,32.734558,-117.151444,3072,4080,2025:04:24 10:36:25,0232,Google,Pixel 8 Pro,1, ,dup,2,,4.265,2025-04-24_sd/PXL_20250424_185830185.jpg,F
1207,/2025-04-24_sd,PXL_20250424_173629605.jpg,5179074,32.734558,-117.151444,3072,4080,2025:04:24 10:36:29,0232,Google,Pixel 8 Pro,1, ,dup,2,,4.319,2025-04-24_sd/PXL_20250424_185830185.jpg,F
1208,/2025-04-24_sd,PXL_20250424_173718278.jpg,4874264,32.734533,-117.151431,3072,4080,2025:04:24 10:37:18,0232,Google,Pixel 8 Pro,1, ,dup,2,,4.375,2025-04-24_sd/PXL_20250424_185830185.jpg,F
1209,/2025-04-24_sd,PXL_20250424_173728555.jpg,4874220,32.734533,-117.151431,3072,4080,2025:04:24 10:37:28,0232,Google,Pixel 8 Pro,1, ,dup,2,,4.380,2025-04-24_sd/PXL_20250424_185830185.jpg,F
1210,/2025-04-24_sd,PXL_20250424_174446561.jpg,3646964,32.734611,-117.152836,4080,3072,2025:04:24 10:44:46,0232,Google,Pixel 8 Pro,1, ,reject,0,,4.131,,F
1211,/2025-04-24_sd,PXL_20250424_174851457.jpg,4103269,32.734753,-117.152725,3072,4080,2025:04:24 10:48:51,0232,Google,Pixel 8 Pro,1, ,dup,2,,4.390,2025-04-24_sd/PXL_20250424_193147341.jpg,F
1212,/2025-04-24_sd,PXL_20250424_174902226.jpg,4035771,32.734753,-117.152725,3072,4080,2025:04:24 10:49:02,0232,Google,Pixel 8 Pro,1, ,dup,2,,4.122,2025-04-24_sd/PXL_20250424_193147341.jpg,F
1213,/2025-04-24_sd,PXL_20250424_174911973.jpg,3898142,32.734753,-117.152725,3072,4080,2025:04:24 10:49:11,0232,Google,Pixel 8 Pro,1, ,dup,2,,4.358,2025-04-24_sd/PXL_20250424_193147341.jpg,F
1214,/2025-04-24_sd,PXL_20250424_174940127.jpg,3332785,32.734753,-117.152725,3072,4080,2025:04:24 10:49:40,0232,Google,Pixel 8 Pro,1, ,dup,2,,4.294,2025-04-24_sd/PXL_20250424_193147341.jpg,F
1215,/2025-04-24_sd,PXL_20250424_175020601.jpg,3504677,32.734753,-117.152725,4080,3072,2025:04:24 10:50:20,0232,Google,Pixel 8 Pro,1, ,bad,1,,3.891,,F
1216,/2025-04-24_sd,PXL_20250424_175027417.jpg,4238290,32.734753,-117.152725,4080,3072,2025:04:24 10:50:27,0232,Google,Pixel 8 Pro,1, ,dup,2,,4.383,2025-04-24_sd/PXL_20250424_231425668.jpg,F
1217,/2025-04-24_sd,PXL_20250424_175039390.jpg,4017848,32.734753,-117.152725,4080,3072,2025:04:24 10:50:39,0232,Google,Pixel 8 Pro,1, ,dup,2,,4.368,2025-04-24_sd/PXL_20250424_231425668.jpg,F
1218,/2025-04-24_sd,PXL_20250424_175127348.jpg,4488843,32.734808,-117.152694,3072,4080,2025:04:24 10:51:27,0232,Google,Pixel 8 Pro,1, ,dup,2,,4.128,2025-04-24_sd/PXL_20250424_193147341.jpg,F
1219,/2025-04-24_sd,PXL_20250424_175139166.jpg,3844157,32.734808,-117.152694,3072,4080,2025:04:24 10:51:39,0232,Google,Pixel 8 Pro,1, ,dup,2,,4.298,2025-04-24_sd/PXL_20250424_185830185.jpg,F
1220,/2025-04-24_sd,PXL_20250424_175140262.jpg,4081374,32.734808,-117.152694,3072,4080,2025:04:24 10:51:40,0232,Google,Pixel 8 Pro,1, ,good,4,,4.328,2025-04-24_sd/PXL_20250424_193147341.jpg,F
1221,/2025-04-24_sd,PXL_20250424_175142075.jpg,4060209,32.734808,-117.152694,3072,4080,2025:04:24 10:51:42,0232,Google,Pixel 8 Pro,1, ,dup,2,,4.190,2025-04-24_sd/PXL_20250424_193147341.jpg,F
1222,/2025-04-24_sd,PXL_20250424_175327967.jpg,2518655,32.735092,-117.152211,4080,3072,2025:04:24 10:53:27,0232,Google,Pixel 8 Pro,1, ,dup,2,,4.306,2025-04-24_sd/PXL_20250424_185830185.jpg,F
1223,/2025-04-24_sd,PXL_20250424_175330690.jpg,2256981,32.735092,-117.152211,4080,3072,2025:04:24 10:53:30,0232,Google,Pixel 8 Pro,1, ,dup,2,,4.297,2025-04-24_sd/PXL_20250424_185830185.jpg,F
1224,/2025-04-24_sd,PXL_20250424_175345738.jpg,3151089,32.735092,-117.152211,4080,3072,2025:04:24 10:53:45,0232,Google,Pixel 8 Pro,1, ,dup,2,,4.433,2025-04-24_sd/PXL_20250424_185830185.jpg,F
1225,/2025-04-24_sd,PXL_20250424_175547943.jpg,2421308,32.735083,-117.152192,4080,3072,2025:04:24 10:55:47,0232,Google,Pixel 8 Pro,1, ,dup,2,,4.352,2025-04-24_sd/PXL_20250424_185830185.jpg,F
1226,/2025-04-24_sd,PXL_20250424_180340585.jpg,4264196,32.735011,-117.152164,4080,3072,2025:04:24 11:03:40,0232,Google,Pixel 8 Pro,1, ,dup,2,,4.579,2025-04-24_sd/PXL_20250424_180346868.jpg,F
1227,/2025-04-24_sd,PXL_20250424_180346868.jpg,4004025,32.735011,-117.152164,4080,3072,2025:04:24 11:03:46,0232,Google,Pixel 8 Pro,1, ,reject,0,,4.755,,T
1228,/2025-04-24_sd,PXL_20250424_180348532.jpg,4038147,32.735011,-117.152164,4080,3072,2025:04:24 11:03:48,0232,Google,Pixel 8 Pro,1, ,dup,2,,4.684,2025-04-24_sd/PXL_20250424_180346868.jpg,F
1229,/2025-04-24_sd,PXL_20250424_182917000.jpg,4405201,32.735006,-117.152158,4080,3072,2025:04:24 11:29:17,0232,Google,Pixel 8 Pro,1, ,dup,2,,4.478,2025-04-24_sd/PXL_20250424_162433151.jpg,F
1230,/2025-04-24_sd,PXL_20250424_184409197.jpg,3725226,32.736439,-117.152081,3648,2736,2025:04:24 11:44:09,0232,Google,Pixel 8 Pro,1, ,reject,0,,4.381,,F
1231,/2025-04-24_sd,PXL_20250424_184502619.jpg,4165074,32.736439,-117.152081,3072,4080,2025:04:24 11:45:02,0232,Google,Pixel 8 Pro,1, ,dup,2,,4.612,2025-04-24_sd/PXL_20250424_185830185.jpg,F
1232,/2025-04-24_sd,PXL_20250424_184806983.jpg,4946568,32.73595,-117.151767,3072,4080,2025:04:24 11:48:06,0232,Google,Pixel 8 Pro,1, ,reject,0,,4.296,,T
1233,/2025-04-24_sd,PXL_20250424_184814035.jpg,4575473,32.73595,-117.151767,4080,3072,2025:04:24 11:48:14,0232,Google,Pixel 8 Pro,1, ,dup,2,,4.151,2025-04-24_sd/PXL_20250424_184806983.jpg,F
1234,/2025-04-24_sd,PXL_20250424_184939881.jpg,4678617,32.735981,-117.15175,3072,4080,2025:04:24 11:49:39,0232,Google,Pixel 8 Pro,1, ,dup,2,,4.023,2025-04-24_sd/PXL_20250424_184806983.jpg,F
1235,/2025-04-24_sd,PXL_20250424_185020244.jpg,1942948,32.735981,-117.15175,4080,3072,2025:04:24 11:50:20,0232,Google,Pixel 8 Pro,1, ,reject,0,,4.695,,F
1236,/2025-04-24_sd,PXL_20250424_185830185.jpg,4562563,32.736569,-117.149792,4080,3072,2025:04:24 11:58:30,0232,Google,Pixel 8 Pro,1, ,reject,0,,4.939,,T
1237,/2025-04-24_sd,PXL_20250424_190825243.jpg,5211216,32.737061,-117.150092,4080,3072,2025:04:24 12:08:25,0232,Google,Pixel 8 Pro,1, ,dup,2,,4.587,2025-04-24_sd/PXL_20250424_191229758.jpg,F
1238,/2025-04-24_sd,PXL_20250424_190838046.jpg,5396877,32.737061,-117.150092,4080,3072,2025:04:24 12:08:38,0232,Google,Pixel 8 Pro,1, ,dup,2,,4.524,2025-04-24_sd/PXL_20250424_191229758.jpg,F
1239,/2025-04-24_sd,PXL_20250424_190919010.jpg,4771709,32.737061,-117.150092,3072,4080,2025:04:24 12:09:19,0232,Google,Pixel 8 Pro,1, ,dup,2,,4.505,2025-04-24_sd/PXL_20250424_191229758.jpg,F
1240,/2025-04-24_sd,PXL_20250424_190925048.jpg,5752680,32.737061,-117.150092,4080,3072,2025:04:24 12:09:25,0232,Google,Pixel 8 Pro,1, ,dup,2,,4.536,2025-04-24_sd/PXL_20250424_191229758.jpg,F
1241,/2025-04-24_sd,PXL_20250424_191011036.jpg,4265150,32.737061,-117.150092,4080,3072,2025:04:24 12:10:11,0232,Google,Pixel 8 Pro,1, ,dup,2,,4.461,2025-04-24_sd/PXL_20250424_191229758.jpg,F
1242,/2025-04-24_sd,PXL_20250424_191026015.jpg,4319339,32.737061,-117.150092,4080,3072,2025:04:24 12:10:26,0232,Google,Pixel 8 Pro,1, ,dup,2,,4.447,2025-04-24_sd/PXL_20250424_191229758.jpg,F
1243,/2025-04-24_sd,PXL_20250424_191035199.jpg,4834760,32.737061,-117.150092,3072,4080,2025:04:24 12:10:35,0232,Google,Pixel 8 Pro,1, ,dup,2,,4.282,2025-04-24_sd/PXL_20250424_191229758.jpg,F
1244,/2025-04-24_sd,PXL_20250424_191036930.jpg,4988626,32.737061,-117.150092,3072,4080,2025:04:24 12:10:36,0232,Google,Pixel 8 Pro,1, ,dup,2,,4.327,2025-04-24_sd/PXL_20250424_191229758.jpg,F
1245,/2025-04-24_sd,PXL_20250424_191041951.jpg,4518092,32.737061,-117.150092,3072,4080,2025:04:24 12:10:41,0232,Google,Pixel 8 Pro,1, ,dup,2,,4.388,2025-04-24_sd/PXL_20250424_191229758.jpg,F
1246,/2025-04-24_sd,PXL_20250424_191156765.jpg,3089370,32.736831,-117.150558,3072,4080,2025:04:24 12:11:56,0232,Google,Pixel 8 Pro,1, ,dup,2,,4.161,2025-04-24_sd/PXL_20250424_191229758.jpg,F
1247,/2025-04-24_sd,PXL_20250424_191200190.jpg,3687336,32.736831,-117.150558,3072,4080,2025:04:24 12:12:00,0232,Google,Pixel 8 Pro,1, ,dup,2,,4.293,2025-04-24_sd/PXL_20250424_191229758.jpg,F
1248,/2025-04-24_sd,PXL_20250424_191202129.jpg,3083678,32.736831,-117.150558,3072,4080,2025:04:24 12:12:02,0232,Google,Pixel 8 Pro,1, ,dup,2,,4.277,2025-04-24_sd/PXL_20250424_191229758.jpg,F
1249,/2025-04-24_sd,PXL_20250424_191202948.jpg,3064580,32.736831,-117.150558,3072,4080,2025:04:24 12:12:02,0232,Google,Pixel 8 Pro,1, ,dup,2,,4.271,2025-04-24_sd/PXL_20250424_191229758.jpg,F
1250,/2025-04-24_sd,PXL_20250424_191229758.jpg,3430271,32.736831,-117.150556,3072,4080,2025:04:24 12:12:29,0232,Google,Pixel 8 Pro,1, ,dup,2,,4.787,,T
1251,/2025-04-24_sd,PXL_20250424_191237281.jpg,3331338,32.736831,-117.150556,3072,4080,2025:04:24 12:12:37,0232,Google,Pixel 8 Pro,1, ,dup,2,,4.633,2025-04-24_sd/PXL_20250424_191229758.jpg,F
1252,/2025-04-24_sd,PXL_20250424_191317408.jpg,4508922,32.736878,-117.150436,3072,4080,2025:04:24 12:13:17,0232,Google,Pixel 8 Pro,1, ,bad,1,,3.977,,F
1253,/2025-04-24_sd,PXL_20250424_191325099.jpg,3997219,32.736878,-117.150436,3072,4080,2025:04:24 12:13:25,0232,Google,Pixel 8 Pro,1, ,dup,2,,4.330,2025-04-24_sd/PXL_20250424_191229758.jpg,F
1254,/2025-04-24_sd,PXL_20250424_191504426.jpg,3971278,32.736981,-117.150281,3072,4080,2025:04:24 12:15:04,0232,Google,Pixel 8 Pro,1, ,dup,2,,4.397,2025-04-24_sd/PXL_20250424_191229758.jpg,F
1255,/2025-04-24_sd,PXL_20250424_191505338.jpg,3996736,32.736981,-117.150281,3072,4080,2025:04:24 12:15:05,0232,Google,Pixel 8 Pro,1, ,best,5,,4.447,2025-04-24_sd/PXL_20250424_191229758.jpg,F
1256,/2025-04-24_sd,PXL_20250424_191610084.jpg,4026489,32.736919,-117.150383,3072,4080,2025:04:24 12:16:10,0232,Google,Pixel 8 Pro,1, ,dup,2,,4.430,2025-04-24_sd/PXL_20250424_191229758.jpg,F
1257,/2025-04-24_sd,PXL_20250424_191611877.jpg,3503052,32.736919,-117.150383,3072,4080,2025:04:24 12:16:11,0232,Google,Pixel 8 Pro,1, ,dup,2,,4.239,2025-04-24_sd/PXL_20250424_191229758.jpg,F
1258,/2025-04-24_sd,PXL_20250424_191632050.jpg,3858980,32.736919,-117.150383,3072,4080,2025:04:24 12:16:32,0232,Google,Pixel 8 Pro,1, ,dup,2,,4.489,2025-04-24_sd/PXL_20250424_191229758.jpg,F
1259,/2025-04-24_sd,PXL_20250424_191656707.jpg,3954025,32.736919,-117.150383,3072,4080,2025:04:24 12:16:56,0232,Google,Pixel 8 Pro,1, ,dup,2,,4.483,2025-04-24_sd/PXL_20250424_191229758.jpg,F
1260,/2025-04-24_sd,PXL_20250424_191730854.jpg,4542521,32.736856,-117.150569,3072,4080,2025:04:24 12:17:30,0232,Google,Pixel 8 Pro,1, ,dup,2,,4.384,2025-04-24_sd/PXL_20250424_191229758.jpg,F
1261,/2025-04-24_sd,PXL_20250424_191741932.jpg,4559387,32.736856,-117.150569,3072,4080,2025:04:24 12:17:41,0232,Google,Pixel 8 Pro,1, ,dup,2,,4.500,2025-04-24_sd/PXL_20250424_191229758.jpg,F
1262,/2025-04-24_sd,PXL_20250424_191954694.jpg,4661950,32.736878,-117.150333,3072,4080,2025:04:24 12:19:54,0232,Google,Pixel 8 Pro,1, ,dup,2,,4.687,2025-04-24_sd/PXL_20250424_191229758.jpg,F
1263,/2025-04-24_sd,PXL_20250424_192400262.jpg,5724323,32.736883,-117.150678,4080,3072,2025:04:24 12:24:00,0232,Google,Pixel 8 Pro,1, ,dup,2,,4.270,2025-04-24_sd/PXL_20250424_185830185.jpg,F
1264,/2025-04-24_sd,PXL_20250424_192601793.jpg,4006106,32.736875,-117.150575,4080,3072,2025:04:24 12:26:01,0232,Google,Pixel 8 Pro,1, ,dup,2,,4.371,2025-04-24_sd/PXL_20250424_185830185.jpg,F
1265,/2025-04-24_sd,PXL_20250424_193147341.jpg,3806290,32.736811,-117.150714,4080,3072,2025:04:24 12:31:47,0232,Google,Pixel 8 Pro,1, ,reject,0,,4.582,,T
1266,/2025-04-24_sd,PXL_20250424_193859613.jpg,3442292,32.737586,-117.150142,3072,4080,2025:04:24 12:38:59,0232,Google,Pixel 8 Pro,1, ,dup,2,,4.300,2025-04-24_sd/PXL_20250424_193147341.jpg,F
1267,/2025-04-24_sd,PXL_20250424_193915485.jpg,2683993,32.737586,-117.150142,3072,4080,2025:04:24 12:39:15,0232,Google,Pixel 8 Pro,1, ,dup,2,,4.286,2025-04-24_sd/PXL_20250424_193147341.jpg,F
1268,/2025-04-24_sd,PXL_20250424_194205123.jpg,2808851,32.737794,-117.150044,3072,4080,2025:04:24 12:42:05,0232,Google,Pixel 8 Pro,1, ,reject,0,,4.239,,T
1269,/2025-04-24_sd,PXL_20250424_194526859.jpg,2475684,32.737803,-117.150014,3072,4080,2025:04:24 12:45:26,0232,Google,Pixel 8 Pro,1, ,bad,1,,3.930,,F
1270,/2025-04-24_sd,PXL_20250424_194531703.jpg,2152190,32.737803,-117.150014,3072,4080,2025:04:24 12:45:31,0232,Google,Pixel 8 Pro,1, ,good,4,,4.034,2025-04-24_sd/PXL_20250424_193147341.jpg,F
1271,/2025-04-24_sd,PXL_20250424_194540851.jpg,2546785,32.737803,-117.150014,3072,4080,2025:04:24 12:45:40,0232,Google,Pixel 8 Pro,1, ,dup,2,,4.019,2025-04-24_sd/PXL_20250424_165423367.jpg,F
1272,/2025-04-24_sd,PXL_20250424_201031422.jpg,3206397,32.735242,-117.149742,3072,4080,2025:04:24 13:10:31,0232,Google,Pixel 8 Pro,1, ,dup,2,,4.555,2025-04-24_sd/PXL_20250424_201043995.jpg,F
1273,/2025-04-24_sd,PXL_20250424_201043995.jpg,4484588,32.735242,-117.149742,4080,3072,2025:04:24 13:10:43,0232,Google,Pixel 8 Pro,1, ,reject,0,,4.604,,T
1274,/2025-04-24_sd,PXL_20250424_201050583.jpg,3167647,32.735242,-117.149742,3072,4080,2025:04:24 13:10:50,0232,Google,Pixel 8 Pro,1, ,dup,2,,4.593,2025-04-24_sd/PXL_20250424_201043995.jpg,F
1275,/2025-04-24_sd,PXL_20250424_204359480.jpg,2906667,32.717531,-117.167375,4080,3072,2025:04:24 13:43:59,0232,Google,Pixel 8 Pro,1, ,reject,0,,4.709,,T
1276,/2025-04-24_sd,PXL_20250424_204430268.jpg,2494260,32.717581,-117.167283,4080,3072,2025:04:24 13:44:30,0232,Google,Pixel 8 Pro,1, ,dup,2,,4.607,2025-04-24_sd/PXL_20250424_204359480.jpg,F
1277,/2025-04-24_sd,PXL_20250424_220312106.jpg,3608145,32.717947,-117.169553,4080,3072,2025:04:24 15:03:12,0232,Google,Pixel 8 Pro,1, ,dup,2,,4.628,2025-04-24_sd/PXL_20250424_204359480.jpg,F
1278,/2025-04-24_sd,PXL_20250424_220428882.PORTRAIT.ORIGINAL.jpg,3104363,32.717956,-117.169544,4080,3072,2025:04:24 15:04:28,0232,Google,Pixel 8 Pro,1, ,reject,0,,4.412,,F
1279,/2025-04-24_sd,PXL_20250424_230544118.jpg,2902270,32.717933,-117.16955,3072,4080,2025:04:24 16:05:44,0232,Google,Pixel 8 Pro,1, ,dup,2,,4.926,2025-04-24_sd/PXL_20250424_231425668.jpg,F
1280,/2025-04-24_sd,PXL_20250424_230942098.jpg,2870611,32.717942,-117.169556,3072,4080,2025:04:24 16:09:42,0232,Google,Pixel 8 Pro,1, ,dup,2,,4.743,2025-04-24_sd/PXL_20250424_231425668.jpg,F
1281,/2025-04-24_sd,PXL_20250424_231137322.jpg,2880512,32.717947,-117.169556,3072,4080,2025:04:24 16:11:37,0232,Google,Pixel 8 Pro,1, ,dup,2,,4.801,2025-04-24_sd/PXL_20250424_231425668.jpg,F
1282,/2025-04-24_sd,PXL_20250424_231425668.jpg,2513533,32.717922,-117.169572,3072,4080,2025:04:24 16:14:25,0232,Google,Pixel 8 Pro,1, ,reject,0,,5.076,,T
1283,/2025-04-24_sd,PXL_20250424_233445588.jpg,3597567,32.716197,-117.173481,4080,3072,2025:04:24 16:34:45,0232,Google,Pixel 8 Pro,1, ,dup,2,,4.607,2025-04-24_sd/PXL_20250424_233708505.jpg,F
1284,/2025-04-24_sd,PXL_20250424_233618937.jpg,3709122,32.716356,-117.173375,4080,3072,2025:04:24 16:36:18,0232,Google,Pixel 8 Pro,1, ,dup,2,,4.417,2025-04-24_sd/PXL_20250424_233708505.jpg,F
1285,/2025-04-24_sd,PXL_20250424_233623426.jpg,3422859,32.716356,-117.173375,4080,3072,2025:04:24 16:36:23,0232,Google,Pixel 8 Pro,1, ,dup,2,,4.549,2025-04-24_sd/PXL_20250424_233708505.jpg,F
1286,/2025-04-24_sd,PXL_20250424_233708505.jpg,2987656,32.7168,-117.173372,3072,4080,2025:04:24 16:37:08,0232,Google,Pixel 8 Pro,1, ,reject,0,,4.940,,T
1287,/2025-04-24_sd,PXL_20250425_015200013.jpg,1342549,32.716908,-117.174981,4080,3072,2025:04:24 18:52:00,0232,Google,Pixel 8 Pro,1, ,bad,1,,3.905,,F
1288,/2025-04-25_ensenada,PXL_20250425_140037526.jpg,2380517,31.849411,-116.624747,4080,3072,2025:04:25 07:00:37,0232,Google,Pixel 8 Pro,1, ,dup,2,,4.530,2025-04-25_ensenada/PXL_20250425_140444237.jpg,F
1289,/2025-04-25_ensenada,PXL_20250425_140044975.jpg,3076766,31.849411,-116.624747,4080,3072,2025:04:25 07:00:44,0232,Google,Pixel 8 Pro,1, ,ok,3,,4.293,,T
1290,/2025-04-25_ensenada,PXL_20250425_140054406.jpg,2716625,31.849411,-116.624747,4080,3072,2025:04:25 07:00:54,0232,Google,Pixel 8 Pro,1, ,dup,2,,4.125,2025-04-25_ensenada/PXL_20250425_140044975.jpg,F
1291,/2025-04-25_ensenada,PXL_20250425_140059618.jpg,2840240,31.849411,-116.624747,4080,3072,2025:04:25 07:00:59,0232,Google,Pixel 8 Pro,1, ,dup,2,,4.178,2025-04-25_ensenada/PXL_20250425_140044975.jpg,F
1292,/2025-04-25_ensenada,PXL_20250425_140108306.jpg,2631631,31.849411,-116.624747,4080,3072,2025:04:25 07:01:08,0232,Google,Pixel 8 Pro,1, ,dup,2,,4.514,2025-04-25_ensenada/PXL_20250425_140444237.jpg,F
1293,/2025-04-25_ensenada,PXL_20250425_140126488.jpg,2842646,31.849411,-116.624747,3072,4080,2025:04:25 07:01:26,0232,Google,Pixel 8 Pro,1, ,dup,2,,4.166,2025-04-25_ensenada/PXL_20250425_140444237.jpg,F
1294,/2025-04-25_ensenada,PXL_20250425_140311149.jpg,2854844,31.850189,-116.625147,4080,3072,2025:04:25 07:03:11,0232,Google,Pixel 8 Pro,1, ,dup,2,,4.266,2025-04-25_ensenada/PXL_20250425_140044975.jpg,F
1295,/2025-04-25_ensenada,PXL_20250425_140426433.jpg,2295309,31.850011,-116.625064,4080,3072,2025:04:25 07:04:26,0232,Google,Pixel 8 Pro,1, ,dup,2,,4.725,2025-04-25_ensenada/PXL_20250425_140444237.jpg,F
1296,/2025-04-25_ensenada,PXL_20250425_140431159.jpg,2332393,31.850011,-116.625064,4080,3072,2025:04:25 07:04:31,0232,Google,Pixel 8 Pro,1, ,dup,2,,4.789,2025-04-25_ensenada/PXL_20250425_140444237.jpg,F
1297,/2025-04-25_ensenada,PXL_20250425_140444237.jpg,2194038,31.850011,-116.625064,3072,4080,2025:04:25 07:04:44,0232,Google,Pixel 8 Pro,1, ,ok,3,,4.943,,T
1298,/2025-04-25_ensenada,PXL_20250425_165413642.jpg,3812219,31.8551,-116.622975,4080,3072,2025:04:25 09:54:13,0232,Google,Pixel 8 Pro,1, ,ok,3,,4.583,,F
1299,/2025-04-25_ensenada,PXL_20250425_173300841.jpg,3972677,31.850397,-116.614711,4080,3072,2025:04:25 10:33:00,0232,Google,Pixel 8 Pro,1, ,dup,2,,4.861,,T
1300,/2025-04-25_ensenada,PXL_20250425_175036928.PORTRAIT.jpg,3067434,31.850336,-116.614647,3072,4080,2025:04:25 10:50:36,0232,Google,Pixel 8 Pro,1, ,good,4,,4.769,2025-04-25_ensenada/PXL_20250425_175050522.PORTRAIT.jpg,F
1301,/2025-04-25_ensenada,PXL_20250425_175050522.PORTRAIT.jpg,3107403,31.850336,-116.614647,3072,4080,2025:04:25 10:50:50,0232,Google,Pixel 8 Pro,1, ,dup,2,,4.786,,T
1302,/2025-04-25_ensenada,PXL_20250425_182625894.jpg,4035508,31.850458,-116.588533,3072,4080,2025:04:25 11:26:25,0232,Google,Pixel 8 Pro,1, ,dup,2,,4.663,2025-04-25_ensenada/PXL_20250425_173300841.jpg,F
1303,/2025-04-25_ensenada,PXL_20250425_183105070.jpg,2852057,31.850514,-116.588411,3072,4080,2025:04:25 11:31:05,0232,Google,Pixel 8 Pro,1, ,dup,2,,4.220,2025-04-25_ensenada/PXL_20250425_201027674.jpg,F
1304,/2025-04-25_ensenada,PXL_20250425_183645823.jpg,2262859,31.850472,-116.588417,3072,4080,2025:04:25 11:36:45,0232,Google,Pixel 8 Pro,1, ,dup,2,,4.487,2025-04-25_ensenada/PXL_20250425_183910330.PORTRAIT.jpg,F
1305,/2025-04-25_ensenada,PXL_20250425_183910330.PORTRAIT.jpg,4066667,31.850514,-116.588406,3072,4080,2025:04:25 11:39:10,0232,Google,Pixel 8 Pro,1, ,best,5,,4.703,,T
1306,/2025-04-25_ensenada,PXL_20250425_183923448.jpg,4041528,31.850514,-116.588406,4080,3072,2025:04:25 11:39:23,0232,Google,Pixel 8 Pro,1, ,ok,3,,4.753,,F
1307,/2025-04-25_ensenada,PXL_20250425_184440025.jpg,2811433,31.850519,-116.588411,3072,4080,2025:04:25 11:44:40,0232,Google,Pixel 8 Pro,1, ,dup,2,,4.645,2025-04-25_ensenada/PXL_20250425_183910330.PORTRAIT.jpg,F
1308,/2025-04-25_ensenada,PXL_20250425_184453270.PORTRAIT.jpg,3791794,31.850519,-116.588411,3072,4080,2025:04:25 11:44:53,0232,Google,Pixel 8 Pro,1, ,good,4,,4.103,2025-04-25_ensenada/PXL_20250425_183910330.PORTRAIT.jpg,F
1309,/2025-04-25_ensenada,PXL_20250425_201027674.jpg,2443259,31.865247,-116.659789,4080,3072,2025:04:25 13:10:27,0232,Google,Pixel 8 Pro,1, ,reject,0,,4.536,,T
1310,/2025-04-25_ensenada,PXL_20250426_003002198.jpg,2237956,31.878044,-116.682869,3072,4080,2025:04:25 17:30:02,0232,Google,Pixel 8 Pro,1, ,ok,3,,4.450,,T
1311,/2025-04-25_ensenada,PXL_20250426_003016813.jpg,2376986,31.878044,-116.682869,3072,4080,2025:04:25 17:30:16,0232,Google,Pixel 8 Pro,1, ,dup,2,,4.215,2025-04-25_ensenada/PXL_20250426_003002198.jpg,F
1312,/2025-04-25_ensenada,PXL_20250426_032942751.jpg,2647085,0,0,4080,3072,2025:04:25 20:29:42,0232,Google,Pixel 8 Pro,1, ,dup,2,,4.667,2025-04-25_ensenada/PXL_20250425_175050522.PORTRAIT.jpg,F
1313,/2025-04-27_home,PXL_20250427_161922589.jpg,2804904,37.331994,-122.047053,3072,4080,2025:04:27 09:19:22,0232,Google,Pixel 8 Pro,1, ,reject,0,,4.676,,F
